LowerBounds,UpperBounds
192,232
55,222
151,1138
193,1193
144,353
147,437
246,1017
47,764
121,447
173,549
168,347
231,625
299,1299
172,309
166,635
98,1098
25,735
125,1125
19,447
265,1265
162,270
44,375
158,776
196,793
131,590
199,297
136,1136
59,140
249,429
261,1261
280,823
83,679
12,1012
143,326
32,96
230,469
298,540
169,220
22,139
235,783
193,924
68,338
126,428
50,482
159,492
225,606
291,1291
277,410
162,1162
88,610
205,1106
69,608
125,586
125,1125
108,230
102,542
235,1235
130,462
30,229
146,485
76,557
1,1001
63,1013
169,375
149,441
132,306
234,1234
29,365
156,426
266,1035
233,1004
111,987
250,1250
26,312
129,1129
236,469
30,254
168,795
168,944
57,129
136,982
252,643
67,234
264,446
222,1143
9,826
99,465
161,659
34,1034
96,719
153,260
258,834
229,985
3,268
265,676
217,516
275,413
231,891
273,1273
118,1118
155,1155
274,552
115,1115
17,1017
4,858
256,488
189,827
73,391
110,807
185,307
225,474
89,1089
6,419
242,286
244,585
115,643
31,190
196,395
294,798
27,1027
294,1029
248,367
120,1120
171,650
119,1119
39,470
221,1221
19,300
296,951
89,765
5,1005
112,465
35,753
182,525
222,368
115,324
185,768
182,282
252,433
40,702
175,970
116,707
164,1164
196,341
100,1100
47,535
191,784
32,430
65,998
249,1019
140,1140
132,638
156,398
85,455
166,441
102,742
294,513
60,1060
224,1224
271,608
280,465
221,1221
169,334
127,396
124,638
129,858
286,424
125,215
247,836
63,556
186,393
295,974
227,1227
274,1274
49,151
204,373
187,1023
154,270
46,507
136,333
147,428
176,300
250,583
166,794
53,297
260,788
240,823
109,697
290,414
33,300
243,572
218,1218
295,711
164,303
176,674
60,290
105,693
229,330
124,477
245,294
151,215
247,627
151,466
115,212
22,441
249,378
60,338
211,657
191,1017
260,474
189,315
95,286
63,315
286,386
124,1004
1,608
294,664
190,351
269,823
171,925
19,1019
10,243
40,70
182,432
293,545
292,649
219,585
60,996
295,339
52,434
180,569
9,1009
203,581
244,566
165,1165
247,479
146,1146
28,286
263,340
135,790
127,280
269,673
253,843
157,908
223,498
233,385
62,292
84,119
244,435
92,387
248,1207
292,1084
65,328
294,1004
84,613
218,1218
86,1086
284,733
67,855
101,292
223,507
196,465
210,331
92,231
124,599
81,183
182,411
289,559
130,694
121,662
282,431
71,714
159,520
215,1215
209,1209
240,371
62,282
274,534
15,324
293,940
278,427
38,632
177,591
76,429
115,451
226,1130
146,732
158,1158
180,645
111,296
94,447
240,799
191,1191
25,186
268,459
55,789
57,235
267,1180
130,782
131,293
108,160
293,716
39,951
219,1219
297,1255
247,498
219,943
188,1188
55,124
2,260
206,905
69,311
67,187
16,464
141,317
236,531
48,141
20,1020
46,1046
227,904
50,92
166,533
258,370
86,751
264,627
289,546
219,290
260,1027
190,719
63,1063
37,485
121,650
101,1101
200,888
298,744
92,447
219,1100
295,1295
72,474
84,192
269,618
273,787
213,1213
59,1059
127,958
22,538
217,1036
274,1025
188,1170
209,413
6,1006
170,247
41,543
145,273
13,453
268,404
196,348
116,486
10,152
31,174
180,220
78,423
130,332
115,661
215,689
9,189
226,421
99,157
124,739
220,623
95,187
239,641
187,523
230,494
179,445
35,420
104,169
71,417
125,551
207,590
238,1049
93,359
231,958
153,926
284,429
32,114
147,439
34,273
289,393
252,683
75,107
96,298
99,810
123,647
259,1259
8,362
189,388
168,241
261,494
139,1139
250,483
5,493
175,293
19,706
240,750
49,1049
95,628
59,246
107,357
80,283
66,476
231,1231
110,206
122,1122
80,633
130,382
235,613
62,269
26,703
244,650
107,461
199,630
124,496
255,467
109,1109
221,997
241,1241
191,1191
217,1217
123,360
126,208
203,690
252,820
57,242
104,1104
126,850
258,489
54,161
42,106
88,672
103,173
279,1279
145,1145
11,334
39,176
14,1014
81,266
39,541
200,1102
278,333
144,1144
163,278
101,437
90,429
168,700
223,959
218,532
182,374
51,309
241,512
118,778
30,457
150,1150
277,440
100,1100
46,185
133,1033
247,472
159,696
264,482
272,409
245,609
258,1258
67,736
20,354
56,327
170,631
291,725
89,171
6,691
89,369
11,537
215,1094
120,644
199,331
290,345
123,1123
33,172
276,616
244,884
101,212
231,742
228,594
250,325
159,243
113,914
1,461
228,1228
288,327
139,584
229,1229
223,652
140,587
154,500
140,292
64,632
81,1081
92,400
218,421
26,162
87,548
11,1011
80,1080
172,1172
144,852
242,641
241,481
290,925
156,413
211,762
298,734
82,131
209,628
35,211
41,840
57,198
292,339
62,759
256,735
265,568
99,191
145,488
89,1089
78,1078
259,740
283,559
59,397
125,663
197,442
297,496
274,1016
69,239
218,707
276,842
129,331
30,276
66,922
150,664
29,731
282,805
221,434
91,307
286,941
195,911
6,778
186,1186
54,1054
192,542
289,703
206,1153
104,705
144,1115
216,1216
154,203
161,416
74,889
90,464
261,790
114,945
157,1057
56,414
112,1112
97,735
298,1298
174,387
295,842
253,1253
273,534
41,455
274,653
298,787
22,665
20,184
67,543
172,426
226,805
91,444
62,782
157,294
63,310
129,226
203,549
68,1068
222,482
253,446
165,267
34,65
178,876
271,383
151,351
240,674
136,269
146,382
226,627
96,1072
97,456
162,572
161,268
106,193
226,1059
47,676
214,1214
142,342
151,720
206,1206
126,234
69,701
5,104
245,589
50,95
64,348
292,1094
173,297
82,587
253,285
15,239
22,260
43,396
136,1136
151,647
258,700
41,342
104,1104
139,266
45,166
143,388
5,486
294,366
260,533
171,1171
174,1174
150,261
30,1030
151,177
164,555
39,95
197,420
31,310
37,974
138,258
21,1021
4,259
126,495
247,368
250,638
205,535
238,691
246,1100
110,880
266,712
60,419
161,335
279,333
39,1039
281,1281
238,537
62,112
35,1035
263,621
254,501
142,1014
26,452
79,765
192,1192
170,778
159,292
211,607
136,420
181,840
170,341
113,422
163,266
80,280
8,117
134,490
154,208
71,606
58,323
107,847
226,369
217,1217
18,372
140,415
198,724
18,28
107,306
78,1078
13,805
136,325
91,408
78,492
224,635
174,1174
263,719
85,298
171,1171
120,951
187,1168
123,1123
90,347
188,1188
163,288
290,617
62,291
49,1030
159,597
242,355
163,778
63,1063
170,444
44,1044
201,544
16,184
82,253
137,263
239,1239
242,999
156,303
230,500
143,370
275,627
54,403
224,321
167,485
139,900
144,418
111,619
283,671
198,650
14,350
268,583
223,640
90,381
202,770
261,492
225,505
194,995
151,200
112,916
60,607
292,593
295,401
299,1299
204,644
17,88
1,310
196,363
19,912
11,490
162,224
294,648
21,497
10,214
248,299
154,892
239,486
245,986
175,333
134,193
249,989
221,319
174,546
150,725
122,221
175,391
207,605
10,1010
81,677
18,1018
199,633
137,1137
187,836
54,928
129,257
242,1242
177,616
185,452
277,669
11,693
260,295
50,733
29,106
176,479
72,1072
16,339
161,356
241,513
117,987
71,1071
230,711
215,228
267,479
259,1252
188,306
294,807
75,99
123,302
235,456
281,761
5,591
64,513
236,482
51,166
136,635
144,1046
33,764
147,283
184,590
265,613
206,950
277,726
77,284
240,629
144,306
98,553
180,214
59,179
118,271
253,1253
269,332
189,321
59,259
31,265
40,240
14,738
9,690
202,467
102,985
172,387
3,40
193,574
146,356
241,809
213,655
243,775
210,503
205,587
164,876
7,442
141,358
22,1022
260,1260
165,314
237,473
213,706
181,1181
48,1048
169,780
136,358
286,578
222,1222
113,410
65,1065
153,653
70,495
137,275
277,356
269,508
145,448
117,545
9,895
1,649
3,472
187,562
243,290
83,434
142,403
239,1239
194,540
252,385
129,1129
277,374
140,727
95,133
280,479
240,515
271,825
129,304
134,516
123,237
8,175
18,322
175,422
44,180
42,386
59,255
257,1138
64,490
58,853
87,477
288,557
17,1017
208,1208
162,501
162,307
155,1155
34,273
157,587
205,277
38,580
159,1159
130,428
166,508
237,348
183,213
264,1147
18,989
242,421
193,344
16,195
291,644
79,210
77,782
288,575
267,617
32,850
229,451
87,391
85,551
167,760
104,399
0,477
166,352
294,599
27,264
293,389
265,694
150,331
41,705
190,868
15,891
152,1152
86,510
132,645
63,168
27,131
289,655
11,184
178,783
251,318
152,463
24,701
134,547
6,402
297,1297
25,698
295,778
124,582
218,845
172,467
217,427
241,351
34,1034
33,237
231,674
35,177
209,1103
203,1203
52,202
201,624
96,216
75,1075
285,693
278,1278
137,497
133,190
79,1079
11,415
289,789
193,495
129,416
21,171
121,795
100,925
93,1093
185,625
119,544
128,743
177,524
157,357
164,512
224,884
149,521
255,391
207,806
269,1269
258,430
33,189
146,357
44,782
318,1024
378,696
375,630
315,595
321,1321
353,1345
375,1186
309,759
343,1244
372,852
371,427
346,361
314,435
340,422
317,363
366,1366
339,1078
338,514
330,913
372,1372
348,747
309,575
366,587
308,405
371,719
331,617
352,1295
339,683
309,504
316,565
322,500
356,998
343,1164
324,1198
342,648
366,650
352,1146
314,468
354,447
364,968
353,423
326,1326
330,742
379,879
365,536
367,907
373,624
345,1345
333,1234
330,688
361,800
326,726
331,700
316,990
307,601
378,1077
303,644
306,852
353,413
363,1363
331,537
350,771
352,775
338,1006
356,1059
322,971
366,915
309,1309
332,879
371,766
352,775
358,932
376,745
348,452
350,834
306,387
311,939
340,794
309,582
344,498
370,826
344,1344
325,624
321,759
359,673
354,452
320,1152
317,437
345,1345
345,812
321,1321
349,491
355,1110
324,944
368,569
333,747
340,573
375,636
348,1348
312,739
308,485
323,595
335,609
378,1378
347,1347
362,626
316,921
324,388
344,589
346,717
329,551
313,585
339,497
361,1292
328,1328
309,1063
352,900
370,1370
317,519
343,596
362,400
348,407
373,614
351,1351
366,727
329,1130
380,907
346,1075
336,635
353,1353
307,845
326,1326
333,458
303,726
355,753
376,727
352,968
349,729
376,698
354,1266
314,1059
320,1115
328,734
347,484
340,414
319,626
306,826
324,639
358,710
339,1260
307,698
307,438
349,857
332,739
304,584
378,681
306,450
374,589
317,1254
329,549
369,438
358,1111
370,1036
344,952
334,492
337,857
369,1259
373,812
372,862
346,457
334,736
307,665
312,479
311,558
327,658
318,679
327,898
334,399
330,1330
315,442
334,1114
308,412
344,1344
380,764
371,1371
368,1140
327,482
363,784
370,1370
301,367
339,1339
366,818
350,1180
369,1155
378,429
360,617
371,692
377,1148
356,1261
351,560
379,1379
303,1303
312,447
334,443
364,954
308,813
326,942
370,1370
360,579
338,395
345,522
307,704
321,1321
326,686
310,1287
366,587
371,648
313,866
352,837
323,957
363,1190
327,945
309,547
303,811
353,856
352,491
348,1129
322,1322
367,1270
374,394
378,547
368,740
321,558
339,567
329,1329
340,796
350,557
377,739
304,467
340,769
349,660
349,851
372,683
366,1366
325,802
313,602
321,515
367,1367
352,830
330,1007
302,520
335,1335
326,995
327,600
308,1008
328,385
354,780
352,1352
311,388
324,843
323,1241
311,469
315,446
363,620
317,926
353,545
358,852
331,1207
370,523
333,625
351,612
339,770
336,645
380,926
365,665
315,687
305,549
347,600
323,1154
378,585
313,1313
324,1138
362,448
358,674
354,930
341,697
354,1354
315,500
377,1377
318,1183
371,711
332,635
340,539
308,433
346,530
334,1327
312,919
338,890
330,1089
372,878
329,705
332,1322
307,868
323,1323
374,693
303,531
342,530
325,678
301,1301
319,490
313,647
358,409
312,1100
371,1367
350,605
346,686
316,494
327,1327
344,475
345,569
314,961
374,1278
309,546
362,1004
313,1313
363,528
321,799
301,705
352,621
379,522
329,907
350,537
365,980
357,840
361,849
309,797
361,603
319,734
359,432
310,1176
335,972
308,1308
363,1363
341,616
368,436
312,1312
332,602
339,768
300,782
341,1341
355,689
372,873
367,1348
308,811
323,490
304,692
325,591
313,1230
302,451
340,963
306,824
315,449
328,613
368,456
304,873
324,748
312,518
368,471
317,482
346,817
375,1054
304,1304
373,980
347,1028
363,440
362,676
336,872
353,819
362,478
315,1084
346,957
380,444
318,418
336,492
339,596
321,454
368,578
322,1322
303,436
366,856
323,605
319,691
366,1102
313,1101
315,866
356,654
309,735
301,340
351,689
300,581
367,711
301,661
349,433
348,891
364,1364
339,671
355,557
305,1147
344,755
324,520
308,633
354,1244
340,1340
348,1250
321,846
321,744
333,612
356,485
373,923
337,1337
312,445
372,939
336,1328
328,708
373,462
326,631
317,962
314,1122
365,654
362,762
316,545
347,652
367,572
359,1253
351,845
304,416
304,613
369,750
334,430
352,807
326,797
331,1070
337,470
355,1292
326,581
346,458
323,1323
371,386
365,934
351,430
341,1058
355,970
334,1226
329,749
348,723
316,340
355,705
308,1308
309,1207
329,697
366,855
350,678
375,677
373,1235
317,849
319,474
366,402
342,605
317,490
342,1342
373,817
329,676
300,847
342,645
317,328
365,535
346,688
374,438
351,1351
374,508
379,575
316,1316
300,393
369,797
312,388
367,587
301,1162
311,644
316,917
338,758
320,759
302,749
357,501
355,581
379,889
370,393
304,1304
356,766
337,441
355,478
323,1285
303,1303
369,1369
330,551
330,504
375,817
340,481
302,1171
363,1054
313,1313
372,1316
369,1210
370,1370
370,1211
374,575
337,461
324,1324
328,1029
308,442
350,996
371,963
338,491
360,458
312,352
328,757
370,500
367,1367
305,530
360,1360
379,1165
341,711
353,416
354,972
362,1362
310,512
379,1104
364,535
355,628
360,520
371,776
327,413
377,1302
306,456
366,579
368,879
312,536
358,1358
352,486
359,522
374,641
334,432
329,522
341,527
331,1331
372,1107
319,758
323,644
302,898
331,678
375,636
340,1234
362,1362
356,429
313,547
363,883
301,589
368,484
327,1327
358,806
329,595
304,346
370,1370
373,1373
363,864
333,1008
353,971
322,1016
326,1326
377,562
370,855
364,626
325,422
333,868
301,1173
372,1372
340,404
331,1274
345,756
364,1270
378,559
337,1337
368,483
335,549
321,683
357,1094
311,927
306,547
346,912
320,1320
327,1158
378,497
346,1016
312,580
328,1021
375,1162
332,682
356,1356
329,415
336,826
327,583
307,555
310,721
337,510
368,719
301,1301
345,636
339,737
325,1247
304,1304
356,509
370,1083
370,1050
310,495
353,1290
316,359
318,1318
365,683
323,593
359,560
349,598
335,540
300,551
316,1316
300,777
320,1295
303,335
349,730
334,361
327,466
350,496
346,967
309,1005
321,1321
337,417
303,489
329,365
311,595
325,747
314,480
350,940
322,514
326,374
320,469
308,958
339,845
341,1341
335,461
371,530
353,824
316,463
308,518
312,660
348,802
381,754
352,1215
332,1268
350,1195
346,1161
323,1008
330,482
357,1357
376,817
352,1110
346,504
353,976
315,563
369,452
365,734
352,485
301,577
364,639
353,816
363,855
326,449
317,508
375,622
347,470
356,528
333,768
340,586
308,393
348,725
322,474
323,613
378,535
355,471
362,444
349,1325
307,426
310,896
329,1235
301,376
338,679
368,627
359,1359
313,507
322,1322
348,599
355,831
332,749
364,709
378,1206
327,458
371,711
332,764
355,985
350,1350
364,367
332,978
319,476
314,905
347,771
354,873
309,1268
328,540
342,1342
318,418
344,388
324,710
332,1154
366,1366
318,532
369,730
366,486
363,909
311,375
317,569
357,445
318,325
355,753
306,923
338,1336
368,683
325,463
369,1336
351,646
366,677
356,1356
377,499
328,699
376,638
341,478
379,886
377,756
360,694
316,405
318,1318
346,758
311,1255
363,1122
311,741
332,1305
301,866
326,613
358,687
316,821
336,692
338,806
329,739
313,1313
319,942
375,1375
376,1205
325,996
376,552
319,634
328,896
336,888
377,849
301,1301
300,1300
341,507
321,826
376,896
309,703
338,1182
350,782
348,645
317,1117
369,958
340,674
373,638
340,473
373,660
317,613
351,499
302,1291
314,564
316,521
371,1371
311,369
331,1264
306,1306
369,894
372,654
325,629
304,1265
372,499
339,486
320,1010
352,744
354,982
349,1349
357,1357
364,755
302,456
322,657
373,425
335,553
310,1310
330,868
324,705
335,1136
378,828
339,629
368,1093
361,742
334,415
366,1302
310,518
311,1098
304,1304
349,991
310,759
351,1351
375,509
348,492
355,887
317,1213
328,607
369,509
361,708
328,451
333,798
340,1340
345,438
325,913
327,650
323,811
368,1368
332,732
332,641
314,1314
301,459
323,494
354,616
324,497
364,1176
314,1314
352,1038
330,917
315,968
366,563
335,614
377,1377
309,1309
332,661
354,483
336,631
361,1311
309,1043
303,751
313,1313
337,560
321,1321
375,483
345,773
339,1339
326,932
347,889
337,770
328,1138
308,825
349,474
306,772
311,806
325,470
342,1342
330,1330
328,866
347,487
375,421
359,600
323,1323
318,759
310,1064
310,884
326,1326
317,1317
348,690
376,635
357,855
369,575
324,1154
303,1303
360,547
310,560
324,1324
367,1090
364,515
343,1343
336,1336
374,1266
347,380
328,1006
373,1373
359,829
363,784
367,1144
328,420
375,849
303,979
350,565
334,480
326,774
345,554
334,875
342,1342
327,775
302,480
374,624
345,686
367,1356
355,1355
323,420
352,937
351,897
364,531
316,1165
307,798
346,807
317,1291
328,361
311,1311
360,590
337,875
344,1060
316,707
368,1025
359,541
317,688
374,1106
302,553
336,681
318,695
351,925
358,617
342,611
319,1049
322,1322
303,521
308,1308
300,843
343,844
341,428
315,1133
354,1354
337,1337
361,952
303,835
356,882
325,1325
340,788
327,630
324,1324
381,1072
359,696
320,1320
313,347
374,835
326,425
345,516
316,783
352,1309
301,425
376,1038
339,505
365,923
376,617
309,590
338,1338
321,650
372,1132
373,461
363,560
327,1257
334,761
370,775
331,700
354,704
433,872
614,1173
630,1630
532,1275
462,1462
630,747
602,716
463,565
450,842
630,1630
589,1589
636,1055
545,944
623,825
420,1066
564,650
450,773
651,1053
572,872
469,845
420,838
496,534
412,852
491,744
530,725
510,1194
638,1047
527,840
431,616
540,1540
390,815
632,848
644,1049
389,536
421,1421
395,639
601,923
474,671
641,1005
549,644
537,1032
627,784
425,999
565,853
628,986
471,1110
524,1159
472,924
599,1251
627,1627
494,979
474,629
582,1054
515,798
491,1233
619,664
584,987
581,1167
584,1416
419,1372
631,843
597,721
634,1634
573,889
568,717
387,667
494,1432
464,1033
510,925
479,733
611,1017
429,550
467,831
467,924
537,687
582,964
384,702
486,825
604,640
557,1028
598,796
522,1149
539,1072
602,1088
467,1467
421,768
437,1189
413,1413
383,469
542,646
567,978
405,731
560,964
610,890
611,707
536,1536
611,1611
554,1468
496,980
405,641
614,1073
633,982
395,948
628,1591
550,1070
476,1349
502,749
604,649
546,575
409,684
612,700
379,709
637,785
530,978
423,656
571,1019
542,767
538,764
486,1037
394,1037
483,968
411,1287
433,805
577,696
461,601
623,1118
606,878
483,694
444,732
571,821
483,523
507,637
612,1161
468,670
490,747
434,1425
573,1573
564,724
520,1208
428,688
540,779
404,1404
420,716
424,602
447,885
598,1473
586,839
446,562
595,1110
576,1576
560,639
449,583
453,656
412,619
522,1522
385,588
576,1563
508,664
523,1201
409,1050
618,1156
603,1603
628,668
509,903
523,706
426,1322
625,1302
394,1394
598,996
391,1391
613,1056
645,1596
546,1198
611,1488
410,1410
408,719
462,611
564,782
482,1311
391,996
489,1489
452,602
397,778
453,676
506,1506
476,1476
600,1187
582,712
448,1267
576,1208
471,1471
446,842
396,708
473,917
567,661
449,661
515,1515
390,968
552,614
565,1172
412,699
397,695
416,1070
606,723
401,827
488,1118
592,1592
489,1000
593,1593
434,679
444,1444
459,856
499,1499
547,757
602,995
398,1227
646,920
388,549
608,1608
390,690
493,1300
413,448
438,667
502,1248
439,1439
624,854
434,1434
636,823
512,887
455,934
392,575
392,739
384,717
633,1551
563,1080
498,1498
583,823
547,879
455,554
575,583
564,1483
609,1040
442,634
390,1376
647,1076
568,1568
574,797
405,1309
573,699
380,1147
504,1504
596,1596
621,1008
550,1550
600,1175
591,949
563,1408
441,593
385,1385
446,570
459,644
566,1122
511,1401
484,613
563,630
625,809
568,758
403,1049
488,934
482,1011
530,621
412,1412
431,487
554,617
614,1614
382,602
548,1176
428,1428
514,1271
647,1445
590,828
538,1422
552,755
488,1488
496,1496
430,1430
586,1011
450,959
639,993
438,1206
397,1142
596,1126
402,1022
433,1004
388,987
514,1514
597,1079
558,841
445,1272
598,912
585,751
545,1048
522,808
441,645
454,792
398,1105
542,1418
476,1466
439,590
413,576
546,931
521,594
442,762
516,1501
531,1477
494,932
523,877
485,505
531,1505
637,700
458,1152
395,1345
592,787
501,1470
437,651
510,1510
527,1527
385,521
591,627
492,1245
566,1566
540,953
526,1432
615,1193
465,945
566,1566
551,657
550,845
586,786
605,1053
591,1065
495,773
558,1384
397,644
419,1071
453,960
551,989
537,629
563,818
476,1258
491,1363
562,839
553,1142
537,811
550,623
616,1267
539,1275
421,604
457,1457
393,750
521,1521
487,680
531,784
509,930
412,1074
439,1195
381,838
412,871
474,551
574,641
497,756
551,1314
520,843
503,1266
618,1242
513,624
624,1118
569,1569
542,1038
545,1545
551,1346
401,1275
462,498
444,1112
409,529
538,1446
623,902
558,640
642,806
447,1447
487,1487
406,468
418,611
571,1417
507,718
616,1616
505,667
589,1455
507,1507
623,803
482,1482
532,948
540,1153
640,1098
486,952
589,1223
433,1433
544,1544
622,1050
625,801
447,584
642,1642
570,1025
568,1041
499,1499
528,764
527,582
487,817
502,919
606,1291
436,501
624,1238
388,419
544,1178
626,794
426,630
421,1421
504,1252
473,764
479,1148
491,789
544,897
634,870
559,874
489,1296
431,700
593,962
423,549
598,1206
584,824
632,821
417,645
534,1015
395,889
499,782
545,1250
584,1246
470,841
492,650
552,653
487,554
490,789
498,980
392,503
553,729
500,722
638,752
462,1173
607,871
623,779
594,736
476,503
385,1123
437,773
430,546
408,845
468,940
438,973
484,769
584,949
490,1145
553,739
472,643
474,1175
512,674
601,1200
599,734
422,1029
445,1261
532,1041
544,1400
544,1343
446,947
564,624
433,507
489,1160
629,1032
557,894
494,1494
573,1573
512,622
400,1171
481,902
406,1135
490,973
530,834
499,849
591,855
435,1435
448,704
534,666
573,1390
414,812
495,1358
522,1522
472,775
496,1070
410,557
648,1068
472,643
600,1137
384,632
428,548
507,539
579,745
537,964
552,933
488,1402
648,1283
606,1606
493,903
643,813
465,742
418,457
629,774
622,1622
621,691
384,969
384,1191
419,514
517,772
473,1333
571,1106
549,940
506,1284
612,657
609,835
404,790
487,1368
588,808
393,698
614,868
400,928
399,1399
413,493
478,1362
389,791
588,716
430,971
465,1051
401,1298
482,923
399,511
577,1008
551,798
600,1089
566,1566
597,1295
459,677
506,579
541,754
519,1519
541,1178
554,1039
431,727
442,557
380,720
619,943
637,849
398,478
493,1091
415,1264
465,672
518,1133
611,1611
418,752
405,948
639,974
647,1647
645,1377
485,846
605,918
456,612
582,1068
394,1036
477,1207
521,1155
397,1272
572,1572
605,1203
435,767
402,909
390,762
614,801
651,1442
641,735
462,746
502,1502
448,675
552,1233
442,712
480,1035
401,1401
495,782
517,927
481,678
390,902
478,1382
624,1124
555,1555
467,574
400,752
481,1140
404,943
601,1435
574,976
618,914
448,766
622,1172
415,586
537,1521
382,912
569,1522
425,1103
492,543
494,831
523,1092
416,530
571,761
493,969
381,859
488,1384
568,703
472,929
618,1020
478,1450
398,637
390,658
608,730
449,547
603,854
386,682
543,1011
493,819
631,848
521,705
458,890
573,1387
576,1576
567,951
532,714
527,664
450,1080
410,966
641,767
608,844
406,615
504,931
423,1320
391,1391
619,1619
447,880
446,1446
562,914
643,1045
457,654
581,851
388,993
500,931
497,727
484,1078
601,1223
480,739
515,932
590,692
601,1601
622,1152
384,1323
465,821
457,727
527,811
454,830
517,630
463,669
498,979
599,759
461,1068
600,980
602,798
431,673
440,1251
441,741
461,1349
642,1574
450,1175
535,1285
504,677
495,853
421,568
517,581
644,1644
633,731
505,569
497,1226
604,872
584,1584
631,918
446,478
576,742
494,608
607,625
593,1107
611,1218
412,946
619,1619
441,601
469,560
480,579
620,1620
454,1063
572,963
496,747
597,701
409,478
582,1582
469,1382
509,656
598,1598
641,796
515,701
507,572
482,751
539,890
477,1344
480,707
570,1412
497,1497
401,643
492,581
635,1354
519,1071
619,1066
629,1629
438,903
639,1109
624,899
543,1543
421,892
608,1373
502,581
614,1122
508,1235
596,1144
591,872
576,1576
522,909
601,1338
423,1396
534,1534
417,1068
557,1003
417,781
448,1016
532,1170
454,605
621,1021
644,1644
622,1622
395,1395
441,1441
632,1467
578,1354
594,1002
564,1564
513,1259
442,491
517,994
572,1572
557,611
596,1232
628,879
455,791
521,1171
476,574
586,1555
422,571
456,890
624,869
411,1411
628,1399
547,1048
550,1201
443,563
407,862
529,1353
647,1231
616,1616
527,1130
643,1574
445,472
567,1168
616,884
536,977
610,1610
571,622
527,731
538,1538
611,661
570,1570
382,923
441,992
610,1047
616,1145
403,518
551,836
505,565
420,572
404,1404
499,834
417,438
384,692
404,617
587,884
383,625
543,1111
531,745
439,932
552,754
497,1117
449,633
595,677
495,555
514,1049
505,1486
584,1258
605,1402
552,1282
421,616
405,773
428,485
585,877
538,928
608,784
616,1272
505,618
569,1027
492,1144
574,1158
444,692
456,786
607,1607
582,767
411,479
464,806
503,1024
389,1109
383,1383
624,1624
460,1221
470,1068
525,1525
477,972
447,864
513,576
600,1162
462,636
504,728
537,929
642,1063
387,1387
585,912
590,781
569,733
529,1406
443,984
600,910
522,785
646,957
569,748
388,593
566,970
603,1242
572,1572
570,611
457,588
564,871
471,913
402,836
646,1423
482,1228
478,963
527,943
410,1410
410,1073
389,508
396,1396
450,731
440,607
536,874
470,744
598,1508
536,836
608,1039
571,949
398,908
435,727
555,1555
390,657
572,883
470,914
533,1124
499,689
491,934
601,1131
633,1490
546,1072
596,1514
571,1571
529,688
614,968
551,663
389,586
395,1176
454,1011
413,595
620,1092
495,1089
533,1225
591,790
590,1590
628,886
625,1260
434,862
452,737
470,576
500,1473
474,635
555,881
593,995
450,1209
462,1116
540,828
491,589
540,833
504,602
432,583
489,1489
480,714
567,811
541,643
505,667
571,1571
481,770
482,1202
421,560
481,1481
397,683
431,1314
528,1465
505,840
449,1449
571,821
469,800
456,569
393,670
431,548
486,1486
513,563
386,1069
424,982
439,448
518,612
386,500
573,687
564,1564
535,745
532,778
425,1199
454,1454
462,1243
604,1033
479,822
592,913
407,552
568,1528
552,1339
547,719
518,1518
540,1540
414,546
572,1007
461,732
396,460
439,1074
391,573
441,890
634,661
511,567
431,645
421,1046
678,1207
669,1060
699,1149
653,820
656,1021
690,1276
713,1219
723,1723
726,764
711,908
705,801
673,1476
693,1693
695,819
688,1688
695,943
713,1613
660,882
657,789
672,1392
657,893
674,1109
727,1727
705,899
651,815
729,1729
657,702
715,1715
670,1508
656,1232
675,1090
703,1255
725,1470
664,1178
703,1225
674,868
675,1434
720,1429
679,926
715,1070
701,994
681,973
708,1708
696,1479
656,1301
684,796
722,926
698,778
681,776
690,1140
719,928
728,864
655,888
713,1351
706,990
678,1011
703,896
689,738
699,1699
682,829
679,876
679,780
684,1377
724,1047
685,875
693,961
712,1502
672,1541
677,1255
677,1029
725,801
728,1728
716,1150
723,1723
676,1087
678,1180
688,1688
727,1540
714,1714
705,979
687,738
666,1203
709,1709
656,1656
728,840
712,1091
717,1247
651,835
723,1723
688,916
713,1713
666,868
717,1010
700,1312
726,969
702,940
721,911
682,1682
703,1703
679,1173
715,1649
690,860
681,1036
703,1320
691,954
713,1476
710,1593
697,1658
690,925
719,1330
716,1716
666,1124
659,1056
713,732
689,1314
665,1298
723,1006
697,1500
716,887
689,712
693,795
671,971
723,975
679,795
697,716
655,938
670,1358
711,1711
672,1672
715,884
726,1092
669,1254
671,1146
677,918
730,1712
661,882
720,950
701,1163
716,868
664,759
664,1174
725,845
694,817
663,1188
708,907
712,966
694,1040
694,904
675,987
653,911
660,1660
677,783
670,1670
712,1712
689,1346
714,1127
662,897
717,1717
663,1255
727,770
673,836
719,856
722,860
718,1605
705,1705
730,1527
665,1665
695,764
721,1280
673,1501
707,896
728,1106
715,1243
701,786
676,1334
682,1004
700,829
726,1004
720,1720
717,1468
687,1082
677,798
671,968
709,1372
715,1499
728,1666
716,1058
707,932
730,884
656,808
691,1076
712,1123
651,1651
700,1482
686,1686
653,1171
728,1728
651,1155
689,791
678,991
717,979
710,956
712,1398
708,1175
711,1172
714,985
683,1683
715,935
679,1213
700,1117
707,915
712,1712
664,756
694,753
730,1301
708,1029
666,1074
719,1719
698,1199
659,1101
667,1088
672,836
654,1278
660,1017
717,1011
699,1397
674,750
685,1122
680,1680
704,1461
729,1729
669,1669
725,1563
721,1369
699,1052
724,866
729,869
726,835
652,898
667,821
679,895
702,1112
653,754
669,853
704,1025
691,937
675,1237
728,1728
668,1227
678,877
712,901
654,835
697,1233
668,1317
712,1406
672,1142
711,948
701,1672
651,989
725,1725
657,1213
661,913
678,847
654,1311
699,1699
672,1385
674,1119
661,752
697,841
678,1399
671,1671
688,1028
726,1035
683,1108
685,1002
698,1015
705,1486
704,783
709,1709
695,937
714,855
700,1638
676,1099
662,1337
684,845
671,818
700,1700
688,819
676,990
668,1214
656,1194
726,1034
693,865
715,1485
685,808
730,993
659,1327
679,1137
715,1551
702,784
729,1032
677,1077
677,1595
664,1336
684,1653
722,1722
690,1386
723,1469
673,1107
667,712
697,948
687,811
673,995
691,1691
726,1726
717,1717
673,816
698,885
664,919
713,1713
662,1346
706,853
701,966
655,1655
716,741
655,880
659,949
724,1187
653,766
706,1010
686,1189
700,819
717,732
668,1668
708,1404
679,1055
676,1104
685,1685
687,1687
694,1694
726,944
695,1695
691,1022
679,1679
727,916
713,1713
661,961
672,748
708,1708
674,996
719,1472
713,763
714,1523
714,807
665,704
650,1019
695,953
651,1013
675,1088
714,1079
695,1695
699,1116
714,886
683,1683
697,911
727,1167
677,845
708,1249
708,968
683,1386
674,808
656,805
707,1707
703,1703
711,857
712,1023
681,1188
682,1160
680,1075
695,1252
671,1070
668,725
711,1266
653,1093
682,1682
664,786
656,1383
665,811
712,1712
680,1443
693,1284
718,1457
659,1607
708,1708
661,1041
664,924
678,845
717,1111
706,824
681,1340
706,1453
726,1480
658,1658
651,1071
652,1456
668,949
664,1295
673,1673
706,1041
703,1703
685,1017
662,1143
688,1397
710,869
695,806
672,1034
724,944
687,1472
712,962
714,1305
667,1667
674,882
658,718
655,837
668,982
694,1539
690,1375
719,885
729,1729
654,707
715,726
689,1259
687,1118
660,1069
669,1294
720,1107
706,853
671,1671
702,1386
678,1161
695,1413
687,892
701,1701
660,717
720,988
716,780
651,716
703,1367
656,1055
690,1061
667,1667
718,964
709,1140
728,989
721,1183
679,1375
716,1451
697,1107
690,753
693,1035
664,877
704,1175
660,758
727,1379
720,1720
689,1105
718,739
701,945
676,835
693,824
661,904
725,1038
712,1474
679,915
722,1489
673,810
708,1379
672,861
675,882
664,801
689,1046
719,800
707,1331
658,1206
713,1370
681,860
724,989
675,816
683,1012
674,814
703,1653
706,878
712,958
681,1681
651,1031
672,1268
666,1247
711,772
670,1254
721,1117
729,1119
674,1013
663,1094
721,1721
657,1657
708,1375
657,870
695,1198
698,1291
723,1723
728,1196
683,851
720,941
662,919
730,1314
663,1445
655,791
702,1702
705,728
721,1539
656,738
713,1224
683,960
697,842
652,1050
706,1093
691,909
688,981
691,1691
682,1213
657,1657
675,1251
660,1312
701,1187
685,813
706,899
726,1401
731,897
707,1707
727,1344
710,744
705,1282
669,1106
725,999
690,787
681,1155
660,866
691,1691
722,882
673,878
700,1452
671,1220
650,1350
658,995
709,1152
729,916
724,1371
684,1524
690,1066
708,1189
665,1221
659,1104
667,1223
713,1002
694,1308
672,1410
690,1031
718,1598
703,1032
699,1280
692,1123
692,1056
687,897
727,1368
678,945
658,1202
704,1221
719,1182
660,988
689,908
671,910
684,1684
651,1305
719,1719
720,859
661,1194
679,845
722,1368
708,894
717,1414
658,724
714,1714
659,1659
663,1391
666,1652
670,844
704,1464
653,1653
709,1620
700,869
675,1675
688,773
677,1009
680,1006
667,1143
672,1378
710,1181
702,976
730,1409
657,823
719,1097
689,1542
664,1570
712,1633
675,721
663,1663
679,1679
725,1225
720,952
702,1086
688,1453
662,1252
695,1202
724,1724
718,1438
687,1687
701,845
668,825
719,1530
662,1004
676,1181
650,825
681,858
668,1144
675,798
663,1663
698,806
665,910
670,787
657,1009
673,1589
712,1445
685,886
721,994
724,1530
681,1002
700,770
719,1719
674,996
689,962
660,1660
714,1274
689,796
730,1654
729,1106
718,1701
692,789
680,1078
724,937
715,1218
666,913
691,838
721,1145
693,1187
724,1135
726,1526
728,1728
651,1028
669,1375
724,1178
712,1094
721,995
672,1201
670,1670
668,1668
711,1041
649,798
708,908
724,1079
702,1642
665,879
685,790
682,798
650,1046
715,746
689,1689
656,1418
683,1240
659,728
686,1551
695,990
705,1081
675,1675
725,1725
722,1045
711,1038
699,1593
724,1179
715,1147
698,811
695,1078
721,1721
718,1718
704,838
680,1023
712,871
651,1406
686,905
678,1086
706,747
699,1155
679,1143
730,923
684,879
678,839
666,919
720,1286
701,961
674,1674
664,1476
689,1320
730,1284
652,1286
663,711
686,851
667,1661
666,1409
676,1008
706,1208
684,867
680,859
722,1302
689,1661
706,1193
716,1173
656,902
653,711
722,1722
698,872
725,821
668,1583
725,1216
717,802
707,1119
710,1445
694,1043
705,1140
661,1661
690,976
691,1418
679,1006
726,1043
689,1319
728,1019
687,776
660,794
727,1475
651,1651
676,895
686,1165
683,804
702,1458
674,1674
693,982
656,879
718,1189
665,986
706,1039
658,799
712,1231
717,943
688,867
692,1515
678,1275
710,821
695,755
723,1256
678,985
701,1198
669,926
665,836
651,1120
678,870
703,716
661,1039
701,1280
717,1189
698,1009
694,1060
725,1054
673,1381
722,1199
709,1182
727,956
660,759
669,1017
682,829
704,1256
652,743
665,813
717,880
654,1357
671,1128
701,925
676,767
692,797
704,933
689,994
722,1078
671,1091
674,1076
660,1315
673,788
703,1638
696,820
652,1652
705,1041
696,880
693,1076
698,1698
704,807
726,1146
666,1666
665,1017
719,749
688,1199
696,937
649,1649
663,1252
664,811
669,803
721,1721
663,1297
675,781
694,1694
691,773
652,1522
694,1095
660,1625
678,928
700,959
697,1315
668,974
691,1480
688,826
688,1093
725,1089
728,1339
682,1682
697,1533
693,1140
697,1000
658,1658
723,1239
717,1152
654,793
718,1228
720,962
694,863
713,1309
701,1701
728,1176
700,1266
678,807
726,1515
687,1351
662,832
679,874
657,935
687,1016
656,1656
701,954
650,1352
713,1137
679,1679
712,1019
690,954
686,1653
689,1689
680,804
678,1404
659,1092
702,1037
670,857
660,1239
696,1294
723,770
677,846
661,1160
701,1701
660,1660
659,1026
653,848
694,1694
664,1664
705,1132
670,1254
660,1660
696,858
669,1407
667,1667
665,733
700,1217
668,756
700,1700
689,877
728,1117
654,959
696,1696
673,1673
725,956
719,1513
693,1693
677,1472
687,1153
651,1140
681,714
690,909
728,1728
719,1582
687,813
659,1070
661,1028
699,940
669,688
666,1339
683,751
684,1665
655,1309
720,1230
692,1373
716,1088
695,1134
714,1024
717,1623
675,983
664,688
656,877
658,1365
705,880
724,1404
657,1082
691,993
695,1695
689,1158
668,1668
717,1087
663,1663
652,1652
709,807
680,1070
682,785
715,1295
672,1672
721,880
717,1000
670,1669
678,1678
668,966
722,1088
661,909
667,921
726,1057
706,1164
730,1215
700,841
681,1660
674,886
723,1389
683,1434
688,857
723,1638
676,1199
657,1657
721,858
727,1509
707,1139
652,1352
681,1620
670,839
719,1130
681,1681
657,945
657,757
654,1012
724,878
651,937
668,929
717,1717
713,1513
714,910
661,974
681,728
714,1714
728,1348
677,979
679,1186
672,816
700,1035
698,1217
663,1356
729,1183
700,1453
666,750
707,1138
714,1180
703,761
681,960
696,1101
677,939
678,790
660,1492
682,841
722,1722
667,1428
712,1582
696,1065
660,1054
651,1233
666,1114
653,1175
677,1225
705,1314
708,794
671,943
692,1193
704,1471
658,761
653,1294
697,1697
680,1443
658,978
683,1393
694,853
660,986
703,1005
717,935
726,1474
666,1666
668,1320
683,844
657,815
686,1469
696,789
652,1128
698,1266
714,1038
717,1717
711,1193
672,1545
663,841
675,1037
728,1282
705,1053
671,1671
721,766
703,1058
695,853
658,1049
675,1397
704,1527
725,1665
706,1363
720,1720
702,1513
694,889
703,980
666,934
661,966
659,1044
658,1643
713,1702
653,1377
650,1052
688,866
690,1477
651,877
679,1423
655,1016
654,1156
693,983
654,1110
670,854
719,942
686,1318
655,1655
677,963
665,1146
656,981
651,1651
670,1097
667,1363
673,1613
684,731
693,1122
668,1414
708,1175
718,1230
656,759
702,949
657,791
730,1047
680,1680
689,1380
674,808
658,918
724,1336
688,761
667,1159
656,1037
663,808
709,1107
673,904
726,1293
681,817
652,1153
667,1022
711,1711
705,1019
651,1651
720,800
703,1703
665,700
666,1666
681,914
721,943
688,1004
671,926
696,1499
691,1102
688,971
676,1223
684,1184
676,1676
654,1568
651,760
713,1713
664,1059
687,1687
687,1222
695,1367
677,830
702,1685
661,1030
707,1043
654,863
673,1622
707,1707
687,867
692,893
708,857
729,900
701,1701
725,1096
698,1124
681,1004
682,1544
666,821
653,821
688,857
661,1347
674,761
716,1230
680,1104
692,1391
701,1083
682,1177
680,1452
694,787
712,1712
698,1698
691,1691
673,1673
720,1344
659,1071
677,1362
701,893
668,775
664,1249
678,1388
656,843
682,947
663,1371
704,1158
671,1227
724,1302
667,829
676,1129
702,1227
695,1024
652,880
697,1265
664,1664
699,1207
718,944
705,1337
676,922
704,1287
702,1166
711,877
706,1011
667,1388
667,1110
727,1593
704,1143
657,1327
668,1249
725,864
675,1368
661,722
728,937
689,1242
687,1367
696,1696
695,895
665,1399
729,756
673,858
694,829
661,850
709,1709
660,842
682,888
713,857
694,1095
672,744
702,1125
683,1556
697,1080
659,1192
661,953
713,809
687,875
673,960
721,778
727,1218
664,1664
692,718
711,754
664,1664
693,922
721,1721
727,1727
677,833
671,731
696,1586
687,960
665,800
700,867
660,1466
702,1070
725,1620
700,1700
676,1434
694,1083
695,855
711,1032
655,976
654,980
696,1054
698,1229
671,832
724,1238
688,1467
656,824
724,884
707,1555
713,1713
726,989
730,894
723,951
692,1692
715,1070
721,1710
690,787
700,1252
682,1184
670,1054
689,1689
689,1343
710,946
678,1050
722,928
709,984
673,1388
666,955
703,918
677,1456
663,1128
664,1664
723,760
663,1372
679,1353
695,1027
693,1661
723,1723
677,1530
703,1179
704,901
672,972
691,1691
711,1246
676,772
660,853
712,859
726,1075
676,1132
717,1406
652,1652
726,1589
669,741
679,1198
661,824
649,1037
659,1659
699,1008
719,1542
729,878
657,1186
668,891
682,1215
675,1675
698,1698
674,1611
657,768
723,1013
716,958
685,1034
654,1526
711,1409
710,1038
721,835
696,1696
694,1694
718,1249
712,1599
719,1452
709,1010
712,1696
722,1158
700,1068
653,1157
656,1656
664,1664
656,1656
725,1260
717,1341
657,1657
706,950
708,854
684,876
721,903
716,1713
658,1013
717,1717
665,1077
728,1019
687,987
721,955
692,966
688,1688
708,766
670,1419
706,901
722,844
706,1019
716,839
668,1668
650,939
701,1220
715,855
706,913
712,1011
725,1420
670,1054
702,859
687,1048
663,838
667,932
728,1607
651,700
659,830
715,1548
730,830
678,951
670,865
682,1327
672,1077
659,1423
717,873
703,1697
681,1681
727,1293
715,1448
730,1072
672,955
677,1057
729,1408
681,904
689,1450
703,915
680,919
707,1707
669,911
689,891
710,1434
714,776
682,1116
685,884
682,1195
700,1700
679,1183
726,1041
706,959
690,1274
665,816
689,1517
655,921
701,1197
658,883
671,1102
706,1329
654,1080
668,1668
678,854
717,967
668,744
679,1310
663,1000
665,1123
676,1195
678,1644
697,1560
678,1271
679,932
689,743
655,1655
650,1216
650,989
675,1646
652,1652
651,963
705,828
697,975
717,1539
684,792
650,1284
650,1445
691,1440
726,794
662,1169
667,1409
698,989
690,944
678,1678
664,1050
655,1655
692,1404
666,1445
720,1249
728,1053
657,769
659,1257
661,798
691,1541
675,1675
697,1610
654,798
656,1656
686,1172
710,875
708,802
702,942
699,1449
719,1321
723,1368
700,1376
704,1258
706,998
730,1730
725,787
688,1517
721,1721
707,779
704,910
703,1703
700,827
701,1507
668,717
680,926
672,1672
722,1026
711,1314
723,1533
656,1390
725,1396
659,852
690,1690
688,881
667,1667
856,1023
914,1663
945,1945
952,1428
872,1006
762,893
802,1019
866,1216
741,1609
855,1381
865,1097
943,1415
988,1455
959,1429
871,1871
787,1000
936,988
772,1262
982,1068
953,1179
994,1831
777,820
835,1741
738,1002
804,1066
907,1907
962,1225
899,977
838,1131
786,1233
884,1239
834,1834
943,1739
736,982
812,1806
846,1462
977,1341
884,1149
850,1540
831,1013
761,971
770,1770
891,1602
952,1598
895,1333
776,1776
887,1036
978,1483
990,1753
893,929
991,1931
839,1294
891,1275
858,1691
772,1462
907,1011
780,1400
965,1689
994,1513
862,1404
789,892
961,1521
793,835
737,1364
981,1497
804,1546
867,1245
908,1085
862,1862
790,1283
913,1009
866,1147
761,1126
891,1891
738,1138
836,1836
971,1535
802,851
831,882
849,1145
997,1045
898,1802
966,1101
894,1173
914,1558
951,1951
804,1115
962,1520
827,1827
730,1158
937,1411
952,1578
791,1180
853,900
857,916
850,1539
860,1705
902,1902
916,1049
791,1159
917,1917
931,1385
980,1201
742,1742
887,1035
784,944
901,1559
803,977
917,1169
808,1808
792,1053
738,984
832,1017
818,1818
804,1102
868,954
748,1072
738,795
972,1361
784,956
990,1431
733,1733
835,848
862,1605
764,882
883,1517
894,1732
876,1876
857,1317
984,1529
937,1678
953,1197
780,975
799,1241
968,1564
979,1730
875,1875
952,1036
797,1162
840,1357
761,913
999,1301
989,1941
754,1001
984,1984
778,1392
980,1638
806,1202
851,954
975,1477
969,1636
988,1229
900,981
774,1221
732,1060
991,1392
844,1022
987,1424
971,1405
853,1626
732,873
865,994
804,899
867,1867
765,1548
911,1331
991,1046
838,1368
736,906
990,1409
753,864
863,1296
846,1214
945,1945
847,906
761,1011
982,1070
748,1748
790,1048
949,1512
921,1378
943,1943
943,1007
873,1873
993,1332
869,1191
817,953
973,1770
990,1990
849,1423
987,1567
934,1934
857,1240
848,1223
934,1934
831,1497
923,1923
943,1017
781,1459
897,1371
792,1132
836,945
848,1113
898,1485
768,1768
805,913
892,1362
738,970
976,1267
898,1323
763,1129
929,1012
846,1538
915,1664
951,1951
815,1261
767,1096
742,1015
986,1986
747,1747
769,1076
844,921
929,1027
804,1543
993,1993
854,1367
993,1345
991,1426
976,1579
825,1825
742,1742
846,1298
910,1910
762,914
977,1597
965,1015
844,1125
761,1584
794,1156
825,1825
833,1205
939,1317
910,968
996,1613
944,1693
758,991
794,1156
743,1609
926,1061
789,1081
990,1242
821,1282
770,1770
968,1515
981,1135
759,1759
867,1867
979,1979
968,1838
785,1080
952,1377
755,1508
797,1371
801,1250
953,1103
786,1050
887,913
856,1441
732,1717
918,1167
821,1139
872,1189
975,1257
825,1503
856,1143
916,1036
751,1483
767,924
807,1697
803,1069
940,1231
832,1243
740,1265
948,1272
811,1185
734,1420
807,1518
818,1100
889,1168
873,1440
974,1808
780,1516
881,1115
879,1439
843,1843
861,1674
754,1291
919,1487
998,1252
895,1462
775,1385
874,1060
898,1405
953,1921
940,1285
868,1161
888,945
816,993
782,910
898,1170
856,1205
754,1692
927,1775
743,1368
868,956
822,1064
804,1285
738,997
803,1437
771,931
940,1275
902,1406
968,1688
793,1700
780,885
760,1760
812,1812
797,1287
766,1327
753,1009
773,1347
912,1298
995,1620
840,1363
862,954
853,1853
766,1008
793,1304
987,1269
982,1606
795,1795
772,1133
986,1662
879,1319
800,1649
773,1100
743,1479
982,1427
751,1054
932,1487
810,1330
817,939
962,1215
733,898
811,1098
920,1278
745,1269
986,1275
974,1533
797,1043
915,1627
963,1214
960,1154
845,1106
794,1794
995,1641
929,1280
878,1074
750,1058
735,1098
972,1366
999,1971
974,1534
860,1860
846,1623
922,1922
959,1043
977,1067
789,985
778,1124
808,1305
923,1141
852,989
872,1506
766,919
968,1199
940,1262
833,958
914,1430
790,1790
873,1030
747,913
835,957
780,1051
853,1625
801,1044
841,1841
897,1036
929,1929
757,1582
773,1004
908,1119
803,908
730,1389
855,1004
997,1192
946,1335
868,975
976,1772
991,1869
771,1036
949,1047
963,1003
777,1013
824,1418
782,1404
797,1221
814,1597
811,1358
809,1809
978,1978
742,1095
864,1194
936,1936
747,883
836,1119
965,1965
944,1219
809,1158
958,1132
918,1918
931,1931
882,1289
990,1812
886,1756
812,969
916,1058
977,1678
840,1823
745,1745
966,1373
847,1018
958,1212
741,1009
764,1435
818,1818
884,1258
928,1928
814,1089
839,1218
839,1267
959,1516
958,1235
950,1133
964,1500
864,1517
870,1870
809,955
997,1121
796,1796
949,1095
992,1308
732,1050
761,1121
773,1682
763,863
943,1093
833,1833
794,1430
847,1186
750,1750
960,1251
839,939
816,1303
862,1331
760,1412
730,1479
755,910
902,1483
969,1969
967,1041
958,1274
858,1482
859,1196
868,1868
940,950
847,972
986,1068
988,1988
932,1049
760,1011
967,1680
946,1946
917,1533
846,1846
966,1966
897,1450
925,965
800,1480
806,1358
987,1657
193,358
55,625
150,263
193,473
146,882
147,621
247,398
47,228
120,340
172,1172
169,1169
232,500
300,632
171,417
166,830
98,157
26,530
126,186
18,599
266,927
160,524
43,232
158,461
196,435
132,850
198,309
137,196
62,481
248,559
262,1159
281,763
83,382
13,318
143,840
32,89
231,365
298,854
171,695
21,764
233,562
192,583
68,290
126,1126
50,1050
159,842
226,525
292,685
279,660
162,245
89,528
204,470
68,409
124,243
127,1038
107,808
101,162
235,620
131,138
31,298
147,516
75,1075
3,347
63,600
168,250
149,598
132,1055
234,629
28,437
157,319
265,805
236,1236
112,614
250,1250
28,1028
132,362
235,1235
31,1031
168,528
168,370
57,123
138,1138
253,359
70,773
263,1199
223,418
10,152
98,535
161,287
32,252
97,793
153,672
260,786
230,543
3,1003
263,502
216,780
274,353
231,283
273,534
118,510
155,479
273,478
117,652
17,244
3,1003
254,685
190,294
72,295
111,827
185,318
226,413
89,264
8,1008
242,869
245,1176
115,660
32,685
197,1197
294,1294
27,270
294,1294
248,723
120,1099
171,348
120,295
39,198
219,1138
18,588
296,792
90,434
4,179
114,462
33,960
183,1183
221,392
117,445
184,409
180,1180
251,981
41,795
174,961
116,446
162,516
195,1195
97,644
49,340
191,477
32,1032
65,671
250,548
138,255
132,274
158,253
85,271
166,323
103,599
294,484
60,623
225,1225
272,932
280,398
220,380
170,268
127,202
125,281
128,242
287,438
125,727
244,731
62,457
187,482
293,1232
226,706
276,678
48,531
204,1123
187,691
156,781
44,228
137,1088
147,297
177,1177
251,365
166,580
53,1053
259,334
238,954
109,1109
290,872
34,1034
244,985
218,308
295,367
164,498
176,496
61,321
105,279
230,1230
125,765
245,1245
152,550
246,316
151,800
113,653
21,803
248,362
59,1059
211,798
191,1191
260,566
189,602
95,165
62,131
286,1286
124,1124
0,112
294,836
190,1142
269,1034
171,806
20,564
8,313
39,251
181,232
294,666
292,941
220,1051
62,112
295,906
53,495
180,1139
9,1009
202,417
245,1245
165,905
246,811
146,522
28,910
265,333
133,244
127,1127
269,389
252,659
156,170
221,1221
235,735
61,358
83,1073
244,706
92,550
248,335
292,475
65,1065
294,515
83,323
220,555
87,1052
285,400
69,601
102,705
224,676
196,426
208,1208
90,711
125,401
83,301
183,497
291,1291
130,155
120,280
283,381
70,388
159,609
215,1215
209,555
241,829
63,1063
273,1273
13,429
293,397
277,425
39,503
179,836
77,288
116,717
225,1225
147,721
157,1157
179,238
111,823
94,320
241,566
192,1192
26,755
267,1107
57,416
58,1058
268,385
130,262
133,1133
108,510
294,1253
39,558
220,777
298,410
248,1065
218,314
189,557
54,211
2,714
205,489
69,414
66,425
15,151
141,179
236,1236
49,352
20,451
47,768
227,331
48,675
166,344
256,771
85,185
263,1055
288,715
220,644
259,463
190,298
63,1063
39,312
122,510
100,489
201,329
299,551
90,387
221,1061
295,955
72,329
84,341
272,1272
274,329
213,1010
60,483
129,610
23,756
218,1218
274,975
187,241
208,1208
5,433
168,469
42,1042
144,1144
12,171
270,1251
196,556
117,1117
10,960
31,225
181,1181
76,1055
131,1131
116,707
214,340
7,149
227,719
99,844
123,659
218,431
96,187
237,853
185,665
231,1231
179,741
38,103
104,355
73,136
125,572
206,257
237,450
95,580
230,482
155,652
285,877
32,316
145,568
34,1034
288,686
253,772
77,171
97,202
97,1097
123,269
259,295
7,242
190,581
166,345
261,485
140,1140
250,1250
7,487
174,498
18,909
242,291
50,273
94,470
59,133
104,791
81,731
64,1064
230,317
110,443
122,599
78,140
132,638
234,891
63,1063
27,247
243,1243
107,606
200,277
125,527
254,351
108,287
221,792
243,435
191,375
217,584
124,452
125,764
206,339
251,334
58,809
104,1104
128,319
258,777
51,250
41,267
87,371
105,137
280,1280
146,209
11,692
39,597
16,125
82,1082
38,1038
200,599
278,1274
142,513
162,813
102,1102
91,351
169,352
222,399
217,558
182,1022
51,230
243,638
117,540
30,138
150,316
279,1279
100,280
46,381
134,210
246,636
158,1158
265,913
271,498
247,908
259,720
67,157
20,119
55,137
169,1087
291,499
87,752
5,41
89,148
11,37
215,357
119,278
199,1199
289,457
123,704
33,705
275,694
246,283
101,447
231,853
229,1229
251,644
160,1160
112,1112
1,1001
227,943
287,567
139,1139
229,271
221,903
139,735
152,757
140,301
64,120
82,281
91,876
216,524
26,425
89,321
10,268
79,364
172,392
144,1144
243,373
242,1076
289,958
157,461
212,540
299,529
80,227
207,1207
34,201
42,831
58,320
294,1294
62,321
257,642
265,599
100,156
144,408
87,220
77,145
258,637
284,691
57,427
125,361
194,637
296,1147
277,458
67,427
218,351
275,1194
128,1078
28,181
66,955
152,876
29,293
282,538
221,777
90,1090
285,698
194,807
8,1008
187,504
55,582
192,706
289,1195
207,929
102,485
144,638
214,1214
154,219
160,354
74,494
91,1091
261,601
112,398
156,669
55,1055
112,1096
96,731
299,1299
175,970
295,1295
253,654
275,312
40,98
274,1274
299,484
20,277
20,224
67,410
172,223
225,394
90,579
61,228
156,433
63,216
130,490
203,305
68,789
222,1222
253,1253
164,645
34,525
179,251
273,1273
150,246
240,384
136,319
147,1147
228,688
95,377
96,1096
163,661
161,263
106,1106
226,1105
48,643
215,340
144,423
151,389
206,1206
126,871
69,240
5,324
245,1245
51,1051
63,343
293,673
172,1172
81,210
254,866
15,672
23,1023
43,795
136,361
152,616
259,1000
41,562
105,1105
139,206
44,170
143,315
6,460
294,649
260,744
171,265
174,584
151,1054
29,1029
151,260
165,377
38,1038
197,1197
31,488
37,1037
138,437
20,263
3,526
126,209
248,570
249,885
206,507
238,602
246,615
110,206
265,385
60,147
163,514
280,381
37,488
280,352
237,705
63,1063
35,544
263,503
253,1253
142,251
25,324
78,220
192,477
170,197
160,978
211,1013
136,506
180,1180
169,681
114,319
162,1162
81,217
9,662
133,730
153,789
72,745
59,473
108,425
227,569
219,392
18,192
140,773
199,1199
19,750
108,720
77,623
10,1010
135,727
90,709
77,221
224,347
173,209
264,528
85,1085
171,556
120,287
187,699
122,303
90,317
187,325
164,1009
292,885
62,933
49,652
160,395
244,491
164,374
63,729
169,681
46,124
202,446
16,555
81,670
137,804
240,685
242,1096
156,413
229,750
140,648
278,1182
54,265
222,380
166,395
141,306
144,968
110,838
284,352
198,390
13,666
268,609
225,441
90,218
202,487
261,458
225,345
194,487
151,540
113,332
61,1061
292,489
294,779
300,568
206,487
17,131
2,133
199,543
20,1020
12,303
164,631
296,1296
20,447
8,72
247,390
153,484
238,1041
245,1013
174,274
134,838
249,709
220,757
175,479
149,751
121,156
176,661
204,1155
10,423
81,234
18,686
199,650
136,437
187,404
53,243
131,1131
241,603
176,405
185,436
279,1096
12,183
257,1257
50,1050
29,309
176,657
71,285
17,406
160,323
241,472
116,312
70,382
229,380
215,1215
266,457
259,1259
188,568
295,996
75,696
124,176
236,400
283,568
5,138
64,759
237,1237
52,197
137,360
143,228
32,176
147,708
183,427
265,864
206,804
276,1217
76,166
240,679
143,272
100,465
183,891
59,449
119,1119
253,428
268,1268
191,801
59,698
30,105
40,393
12,494
9,261
203,571
101,744
173,437
3,392
195,581
145,520
239,1239
214,882
243,713
209,439
205,1205
165,572
6,342
142,850
22,245
260,1260
165,788
235,733
212,329
183,844
51,184
169,427
137,386
286,573
223,486
114,406
65,1065
151,206
69,1069
138,377
277,800
269,291
146,446
118,875
10,562
2,153
2,63
187,612
243,559
83,924
140,727
241,761
194,400
251,837
129,747
279,362
141,1141
96,973
280,424
243,595
269,671
128,1128
135,181
124,199
9,319
19,412
176,940
45,1045
43,292
61,535
257,1184
65,1065
59,319
87,643
286,1286
19,598
206,502
162,684
162,1044
159,425
33,182
158,500
204,691
37,1037
159,318
130,1130
167,451
236,935
183,425
265,628
17,280
243,292
195,441
15,310
292,606
79,1017
78,260
288,1281
265,678
32,286
228,337
84,1084
86,312
167,893
105,664
0,1000
165,1064
295,546
27,196
292,878
264,442
151,288
39,604
190,508
16,178
152,562
84,1084
132,521
63,138
25,334
289,636
11,84
177,548
250,385
152,371
22,757
134,631
5,249
298,555
24,806
295,488
123,610
217,712
172,367
217,1217
240,480
34,277
33,60
232,458
34,234
209,919
203,242
52,332
201,503
95,686
75,576
286,820
277,483
137,242
136,1136
79,1079
11,280
290,372
192,683
128,287
20,469
123,138
101,323
91,227
185,1037
119,605
126,1126
178,558
156,590
165,336
223,734
149,828
255,454
207,861
269,354
257,811
33,140
147,530
43,871
316,758
377,397
375,680
314,438
322,1322
353,672
375,1224
308,961
344,945
373,658
371,1139
346,1259
314,1314
341,798
317,411
367,422
339,1104
339,1339
330,411
371,691
350,1350
310,718
368,1013
306,1043
370,1370
332,1041
350,691
340,982
309,589
317,555
322,1011
356,526
342,610
324,852
344,714
367,601
353,677
314,460
354,1098
364,1364
353,388
329,555
329,396
379,488
365,540
368,1063
373,1189
344,537
334,1199
329,1033
361,1246
327,483
331,986
315,1039
308,666
380,1033
303,460
306,504
355,1065
363,655
332,457
348,576
352,1311
337,1324
354,563
323,423
365,839
306,563
333,562
370,1027
349,1008
358,550
376,1141
347,1085
349,1057
308,874
312,834
342,416
308,343
342,1342
369,516
344,918
326,555
321,946
360,945
354,746
321,1321
318,1318
345,936
344,1210
321,512
349,576
356,391
323,677
368,493
334,475
340,607
376,1376
348,1348
312,758
307,794
324,1265
335,620
379,530
347,670
362,1362
314,473
325,1224
345,514
347,1218
330,1330
314,1314
341,1341
359,432
329,872
308,494
352,848
370,739
318,655
344,624
360,414
348,812
374,1260
350,928
366,561
329,739
380,1248
345,897
334,725
354,892
308,1277
329,891
333,1333
303,456
355,588
375,500
352,987
349,858
376,542
355,552
311,765
319,606
328,1247
347,899
340,919
319,1319
305,1250
325,616
358,859
340,1117
307,577
307,581
350,545
331,574
305,604
378,601
306,1195
373,1373
319,602
328,1328
370,1296
357,1272
370,591
344,682
334,1171
338,1016
371,1236
373,784
372,1372
346,1163
334,1334
308,370
311,540
311,1311
327,1292
318,778
327,692
334,1150
328,689
314,1193
334,1334
309,373
346,703
380,1380
370,1216
369,657
328,1260
363,453
369,868
302,340
338,605
365,973
350,663
371,1371
376,611
361,570
371,759
376,434
357,826
350,717
379,1379
304,1006
312,1061
334,633
364,647
309,798
326,626
369,523
360,726
338,520
345,1109
307,1264
322,1304
325,1325
309,801
367,666
371,456
314,532
354,645
322,836
364,614
327,599
310,929
304,711
355,975
353,1353
349,624
322,1322
367,1287
374,534
377,1077
368,1016
320,1320
340,854
327,519
339,1339
348,582
377,1034
305,559
341,683
349,541
349,769
371,1371
367,787
324,1324
314,1234
322,347
367,581
353,960
331,763
303,462
335,450
326,387
326,670
306,529
328,871
356,530
351,521
313,494
324,675
322,734
311,499
315,410
363,1122
317,395
352,1352
358,818
330,1330
369,823
335,546
351,454
339,482
337,676
378,864
365,608
312,1312
304,1280
347,464
324,919
379,485
313,927
323,536
364,991
358,1358
355,512
341,797
355,693
315,1315
378,1267
319,1025
372,1063
332,583
341,667
307,1307
347,493
334,1039
312,586
337,631
331,609
372,938
329,1329
331,385
308,412
324,456
376,1121
303,645
341,615
325,1325
301,372
318,669
314,456
359,777
313,1122
371,801
349,698
346,895
316,644
326,370
346,708
345,397
313,741
373,499
309,547
361,806
313,522
363,730
322,570
301,847
352,554
379,671
330,518
349,478
364,459
357,608
361,414
308,447
363,1286
318,1318
360,1360
308,759
333,1333
308,493
361,677
339,416
369,1251
312,774
334,993
337,491
301,417
340,923
355,661
371,988
368,603
307,831
323,940
303,732
323,1323
313,610
302,1128
339,400
306,427
316,1316
329,475
369,1260
304,758
323,372
313,1313
366,821
318,1318
346,771
376,456
303,437
372,501
346,645
362,398
363,1363
335,493
354,830
362,740
315,971
345,858
380,729
317,847
336,1193
339,1339
322,1322
367,1005
320,550
303,564
367,686
323,359
322,761
366,637
313,712
315,322
356,375
309,1309
302,657
352,841
300,726
367,456
301,1024
349,1126
348,1348
365,1365
340,1048
355,1355
306,549
345,1345
322,585
308,1225
354,1354
338,387
348,621
323,714
320,516
334,714
356,831
373,569
338,609
312,416
374,407
336,757
329,871
373,1373
327,566
316,439
313,1263
364,839
361,873
316,1210
346,882
368,382
358,1358
351,707
301,805
304,506
369,1369
334,532
350,590
326,1326
332,895
337,473
355,1355
326,446
346,1056
321,357
369,666
365,721
350,1057
340,584
354,675
334,1334
327,481
348,679
315,708
354,443
311,822
309,411
329,1245
366,550
350,725
373,553
375,492
317,388
318,1284
366,723
342,1342
317,1317
342,1170
373,1051
330,1330
300,577
341,1332
318,521
365,1013
344,392
372,728
350,672
371,743
379,1368
316,586
301,736
366,779
310,391
364,509
300,802
310,418
316,1316
337,1337
320,1018
303,687
356,635
357,1357
379,387
371,1039
304,631
355,790
336,624
356,606
321,598
304,1100
367,749
331,474
330,662
375,634
341,517
302,408
364,658
312,1312
373,654
367,966
369,544
370,1094
373,724
339,1339
324,365
328,1328
307,1307
351,548
371,692
339,1339
360,699
311,756
328,703
371,1093
367,805
305,396
362,487
379,1036
341,1341
353,414
352,564
361,581
309,738
377,876
365,760
355,676
360,611
370,703
328,594
375,684
307,1307
366,544
367,652
315,442
359,1162
353,654
359,476
375,1375
335,668
330,471
340,1179
332,430
370,1370
322,824
322,1101
303,537
329,558
374,647
341,1196
361,1361
356,564
313,1028
361,1361
303,1162
369,659
327,1327
358,621
329,1003
303,798
370,756
374,628
362,824
333,900
354,783
322,1111
326,408
377,618
371,1371
366,890
326,609
333,1333
301,591
372,940
341,887
332,1332
346,625
363,484
376,714
338,1338
366,485
334,736
320,594
356,473
309,916
309,499
345,1345
319,355
326,579
378,625
346,948
312,527
328,732
376,1022
332,953
355,546
331,1331
335,603
327,491
307,960
308,1308
339,1339
368,741
302,1144
344,1344
341,1229
323,1185
305,713
355,932
370,957
368,473
309,414
352,755
315,1039
319,1309
365,390
324,759
360,438
349,1255
337,668
300,1199
318,1169
301,445
320,655
302,658
350,530
333,1101
327,373
351,704
344,478
309,543
321,1321
338,561
304,1304
330,830
311,812
325,1325
315,357
350,680
322,1322
326,1065
319,1319
310,614
339,1003
341,468
336,673
374,459
353,482
317,1253
309,1057
310,570
349,712
379,1141
351,490
331,722
350,468
347,832
324,827
330,507
356,654
377,473
350,433
346,603
353,805
317,485
372,1004
366,695
351,472
300,634
365,1243
356,793
364,555
327,629
317,385
376,559
349,542
357,535
333,977
338,1222
309,522
348,1018
322,728
323,640
378,1145
355,711
362,1362
349,961
308,898
311,537
328,995
300,477
337,651
367,633
358,528
312,803
322,767
348,1143
355,929
332,498
363,661
379,501
327,955
372,1087
333,760
356,1102
349,526
362,1211
332,1093
318,862
313,356
348,608
356,870
309,809
327,641
342,906
315,1315
342,785
325,659
332,430
367,681
318,899
371,475
366,530
363,747
309,570
317,755
359,393
318,612
353,826
305,1125
338,489
366,1299
324,1324
369,740
349,628
366,383
354,1084
377,1377
327,607
373,1048
341,1249
379,482
378,1378
360,494
316,632
319,698
345,784
311,531
364,600
310,977
333,684
301,685
325,658
358,589
316,422
335,914
339,487
330,730
313,426
319,532
377,1109
375,878
327,489
375,580
321,357
328,1328
336,1032
377,850
300,800
300,825
341,521
321,522
376,684
309,440
337,569
350,939
348,1348
317,394
369,559
341,1063
374,887
341,1341
372,832
319,639
351,688
303,1085
314,466
316,1316
372,1372
310,333
332,1187
305,703
368,1206
372,691
326,1034
303,427
372,858
339,1073
320,402
354,918
355,471
349,1111
357,1357
363,855
301,478
322,657
374,1374
335,718
310,683
329,1032
326,1004
335,1078
377,818
340,1340
367,490
361,1361
335,1335
366,1366
309,578
312,1312
300,686
349,755
309,663
351,671
374,516
347,463
357,862
317,747
329,607
371,769
364,922
329,1144
334,851
340,631
346,1346
325,1026
327,577
324,457
369,963
333,1232
333,779
312,1312
301,530
323,607
354,1019
323,640
365,414
313,1065
350,580
328,1223
313,679
365,731
336,662
378,969
309,1309
331,940
353,975
334,660
360,714
308,519
305,1219
313,1071
337,531
322,887
375,1375
346,777
341,578
328,608
349,1349
335,728
328,784
307,769
350,604
306,474
312,1312
325,688
340,978
328,1086
328,881
347,695
375,1375
359,464
323,789
319,426
310,489
311,569
326,797
316,871
347,1287
376,826
355,835
368,910
325,630
302,333
361,763
310,856
325,640
367,511
364,617
344,769
337,564
375,1369
346,589
327,478
374,453
359,1359
363,544
368,916
327,534
374,456
303,714
349,454
335,680
326,758
345,802
334,965
344,596
328,841
303,1151
374,718
343,402
367,1232
355,580
323,1323
353,1234
350,1312
364,420
316,1133
308,587
346,651
315,785
330,474
310,1134
359,702
337,395
347,486
317,1317
368,833
359,561
318,539
375,598
302,813
336,1274
317,667
353,1127
356,542
342,815
320,1024
323,665
304,1013
308,461
299,458
343,912
340,1182
314,365
354,1354
336,859
362,396
304,681
356,1356
325,541
340,782
327,942
325,785
379,1197
358,451
319,427
312,381
374,941
327,747
346,736
317,1059
354,919
301,464
377,1056
339,424
366,1366
379,725
307,500
339,714
322,364
370,697
374,1275
364,1084
327,654
336,550
370,485
330,619
353,1026
432,1293
612,741
628,823
534,672
462,1462
632,929
603,769
464,512
450,788
629,918
591,627
637,1637
545,1427
625,1084
420,838
563,617
448,1448
650,995
571,801
470,1004
420,680
494,560
413,934
491,1402
531,955
512,804
639,1424
528,615
430,646
541,625
390,562
631,1114
645,881
389,1389
421,656
396,488
601,874
473,763
641,731
548,1379
537,1169
628,951
425,1425
565,1201
629,927
469,966
522,1522
471,682
599,738
627,1200
492,1492
474,607
582,1121
515,1515
489,709
619,1121
584,1074
581,951
583,1337
419,1419
632,1552
596,978
633,743
573,884
567,1032
389,503
493,836
463,1074
510,784
481,610
610,1607
429,1103
468,1468
469,1420
538,1080
582,1083
384,806
487,689
604,1163
557,881
596,1025
522,815
538,1170
602,1602
467,1467
420,1109
439,1439
413,976
381,1381
542,609
568,689
406,893
560,996
608,1002
610,862
535,1529
611,867
555,1555
495,610
405,736
614,1203
632,1411
395,577
627,912
549,710
474,965
503,993
605,768
547,1245
409,1401
611,1595
381,492
639,1244
530,671
425,1425
569,677
542,1021
539,1539
485,1307
392,1249
482,1190
412,771
432,650
579,1370
461,724
622,1415
606,936
484,1484
444,585
572,1369
485,596
507,984
615,1163
468,732
491,563
433,834
572,942
565,1565
519,1185
429,666
539,1122
405,1212
420,642
425,1006
447,841
598,1085
586,1586
447,1111
596,656
574,1475
560,677
448,1177
452,666
412,954
521,571
386,681
575,1355
508,674
522,836
410,1077
620,734
602,695
627,705
508,1149
524,646
426,548
626,900
393,890
598,874
392,1099
612,916
645,848
546,658
611,1611
409,592
407,739
462,925
562,1144
484,1484
391,967
489,799
453,601
396,1396
453,627
506,1136
476,691
599,993
580,951
447,1447
576,603
470,1470
446,1446
396,822
472,962
566,1319
450,573
518,1000
393,538
553,1007
564,1477
413,809
397,492
416,459
605,1042
402,855
487,657
591,1200
488,1097
594,1594
434,1083
443,743
460,604
499,864
547,1344
602,1022
399,613
645,1535
387,1387
609,1242
389,1389
498,1498
413,1413
438,839
502,1362
438,1438
624,917
433,474
636,1197
514,668
459,739
394,572
393,421
386,1386
633,634
564,1312
499,746
583,1583
549,1125
454,855
576,790
565,789
609,1456
442,1178
389,1198
646,1283
568,802
573,1245
405,863
573,964
383,919
502,1502
596,1596
621,1621
550,727
600,797
590,1291
564,824
439,983
384,635
445,884
459,710
566,819
511,837
484,578
564,685
626,1037
567,617
402,507
490,1490
482,1482
530,1091
413,700
429,1122
556,1073
613,856
382,1382
549,1334
427,582
513,602
649,808
592,791
539,1539
553,834
487,1487
496,859
430,1280
587,959
451,1451
640,1288
439,616
397,910
595,866
403,632
432,585
388,884
515,1054
597,946
561,1038
445,1259
598,1598
585,1018
545,962
523,619
441,571
454,716
398,564
540,1153
476,748
439,648
414,685
545,794
524,1380
442,545
515,1363
532,595
494,971
524,994
486,706
531,1150
638,931
458,765
396,648
593,1101
500,1128
436,591
510,642
526,581
385,864
591,614
492,1492
565,894
540,599
527,1388
615,1241
464,1464
567,1044
551,1551
551,766
585,1128
608,970
591,1328
494,1494
557,1248
398,847
420,567
454,862
551,1551
538,854
563,1073
475,1469
491,936
562,945
553,1553
536,861
549,1384
616,1076
537,737
422,574
456,811
392,722
520,1152
486,562
531,900
509,848
411,596
438,1438
380,819
412,979
474,582
575,620
496,1347
552,1552
520,1190
502,654
619,808
514,1514
623,714
570,1570
541,750
544,903
551,1319
400,893
462,1100
445,759
410,504
538,1040
622,1180
559,1056
642,1642
448,974
486,1063
405,650
416,1416
570,1014
507,699
616,864
506,617
589,689
506,893
624,1525
483,848
533,813
542,1542
641,831
486,1486
588,852
434,1434
543,765
622,1075
624,797
446,1279
642,694
570,677
569,745
497,1262
526,1526
525,968
485,1246
503,923
605,871
437,1437
624,790
387,1387
544,1274
628,1106
425,663
421,788
502,1502
474,653
480,1128
491,903
545,648
634,1117
561,875
490,880
429,1429
594,734
423,1129
600,1136
584,774
632,841
416,659
533,696
394,1129
498,1402
545,1281
584,784
470,784
494,907
552,791
484,1305
490,874
496,755
392,515
552,1043
501,1397
636,848
461,648
606,1284
625,1013
594,1395
475,891
385,969
437,803
430,1028
408,1408
467,910
438,508
485,702
584,1228
490,1056
554,620
472,1451
473,555
511,951
600,1337
601,660
423,462
447,895
532,830
544,1275
544,1122
447,674
564,1274
432,984
488,604
628,751
558,838
494,1119
574,1574
511,1230
401,1401
479,1479
407,876
490,550
531,943
499,1499
592,937
434,499
448,727
534,1534
574,1164
414,802
493,1493
523,1281
472,1472
496,1496
409,528
648,1226
471,612
600,1118
384,918
428,1428
509,1509
579,932
536,740
550,1398
488,992
648,723
606,1008
492,888
642,721
465,596
418,1418
631,1040
622,855
621,747
383,1383
383,951
420,1318
518,668
474,1410
572,1150
549,1170
506,855
610,787
609,1024
404,801
485,665
588,621
392,559
614,1166
401,1401
398,1259
412,465
477,587
388,1229
588,888
432,710
466,1454
400,582
481,616
399,689
579,1576
551,1551
599,1368
565,1041
596,1004
459,676
503,690
542,808
522,800
542,1347
555,857
431,748
443,805
379,728
621,883
636,782
398,1282
492,1492
417,689
464,749
517,1040
611,1512
420,721
404,1167
637,1006
647,1226
645,790
486,1486
604,1075
458,702
583,811
394,648
477,796
519,1502
395,642
571,743
606,833
434,901
402,422
390,796
614,1003
649,693
640,1299
462,1462
502,654
449,1449
552,1552
440,914
481,1367
403,1060
496,728
516,1309
480,1235
388,525
477,519
625,1625
555,1555
465,926
401,988
480,831
405,902
601,874
574,665
620,847
448,1029
623,973
417,700
536,1191
383,742
569,1569
423,877
492,1253
495,621
523,1523
416,690
572,929
491,636
381,507
488,708
570,863
471,675
618,1003
479,615
399,1356
390,509
607,1315
448,1089
601,1601
385,634
540,609
493,573
632,940
522,884
457,1457
573,1020
575,730
566,765
533,625
527,1329
451,1335
410,680
642,894
607,821
402,597
506,789
423,848
392,1392
619,708
446,766
445,1003
561,611
643,1643
457,1010
581,779
388,874
500,627
497,731
487,1076
602,760
480,587
514,1514
591,698
602,884
621,1027
384,621
466,667
457,624
528,1101
454,953
518,1127
466,1466
498,993
599,1121
461,659
601,942
602,1073
429,893
441,872
440,835
460,1460
644,736
451,685
534,1445
503,1297
493,1493
420,1202
516,1221
643,693
630,939
506,872
498,830
603,1603
582,815
629,1304
445,931
575,631
495,611
605,806
594,1266
613,1041
413,1329
619,928
439,1187
469,1469
477,1240
620,1249
456,1075
572,959
495,758
596,854
410,926
581,852
468,764
509,640
599,989
642,1248
517,603
507,683
480,1268
541,1541
479,811
477,1291
570,970
497,1381
401,602
491,512
633,961
520,1520
618,982
628,1578
437,778
639,1073
624,759
543,1529
422,1087
609,818
503,924
616,818
509,1123
596,1128
591,823
576,870
522,1428
603,673
425,681
535,690
417,884
557,733
416,559
447,603
532,1532
453,462
621,633
643,914
622,1622
397,905
439,510
632,1457
578,1578
592,663
562,684
514,867
442,546
518,1254
572,1015
557,1557
595,800
628,1534
455,716
522,1522
476,1139
587,1020
422,580
457,597
624,1353
411,474
628,788
548,1216
551,983
443,532
406,817
531,1531
647,983
614,809
525,1007
644,1145
446,738
567,981
615,797
539,1453
610,1057
570,1570
528,950
538,883
611,1163
568,779
383,1024
439,1439
611,767
617,1014
403,533
550,754
506,1377
419,929
402,809
499,983
418,504
383,938
404,1209
586,1042
384,1345
542,831
530,1530
437,832
553,1553
498,728
447,659
596,689
493,1400
515,534
503,1302
584,712
603,985
552,1021
420,857
406,559
428,780
585,976
539,843
607,1607
618,768
506,610
570,1570
493,678
574,802
443,507
456,894
607,686
582,860
410,984
461,734
504,1299
389,868
382,1382
624,1303
462,695
469,774
525,1525
476,650
446,487
513,662
599,842
460,1275
505,828
539,1539
641,1024
386,504
586,683
591,858
568,1080
530,1242
445,1011
600,1013
521,872
646,712
569,1112
387,839
565,1276
602,1141
573,888
570,1559
457,857
563,1438
470,689
402,747
646,1646
481,761
478,798
526,1023
410,964
411,820
387,453
394,1375
451,714
440,839
536,869
467,633
599,985
537,762
607,1607
571,1308
398,568
432,926
554,972
390,1390
572,1496
469,818
534,549
499,590
490,576
602,922
633,706
546,1002
595,617
570,1557
530,881
614,1614
551,1378
389,1389
395,1122
453,806
411,1175
621,976
493,542
534,854
593,779
590,1180
628,1628
625,1625
434,1434
453,616
469,703
500,800
475,770
554,1286
593,1593
449,1449
461,695
544,1317
491,729
540,1295
503,517
432,1432
491,728
481,1281
565,778
542,831
504,1118
571,1568
482,638
484,571
420,941
481,1399
396,1396
431,1016
529,957
504,595
449,699
572,797
470,1035
457,1274
393,690
429,528
488,874
513,1065
386,762
424,496
438,1093
517,980
386,698
572,1048
564,590
536,1536
532,701
426,1426
456,691
463,1105
603,634
477,1446
593,887
405,773
568,705
553,706
547,1547
520,883
539,1294
413,868
573,681
462,1181
396,718
439,982
390,1390
441,1441
635,905
511,1275
430,1430
420,844
679,1062
670,1367
700,913
654,815
656,1061
688,892
712,900
721,1065
726,989
710,736
705,871
675,836
694,1035
695,1175
687,1602
696,835
714,751
659,878
658,745
674,1674
657,799
677,826
727,1674
703,1294
650,904
728,832
658,703
716,812
669,1225
656,1363
673,1022
704,1225
725,1333
662,819
703,1703
674,1674
674,1438
718,888
679,988
713,845
699,823
681,1252
708,1484
697,1697
657,1116
684,1009
720,1221
699,887
681,1151
691,728
719,1059
729,1243
655,1655
712,969
705,939
679,1083
703,1079
691,1124
701,721
681,1227
680,968
679,901
686,891
724,1666
684,1180
692,1192
712,1578
671,1517
677,1677
677,1607
726,1411
726,1142
717,1008
721,1077
676,860
675,1182
687,1352
727,1142
714,980
705,814
687,1296
667,1204
708,1708
655,1296
729,879
712,1234
717,1717
651,940
721,1246
689,1396
714,901
664,888
715,1715
700,941
724,905
700,1700
721,1354
682,712
704,885
678,1381
716,753
687,1026
681,1125
703,914
690,1165
713,1713
709,804
697,778
689,770
720,1403
716,1272
668,1668
661,1518
714,833
687,1151
665,756
724,923
697,748
718,1098
688,1425
694,1020
672,1672
723,817
679,703
696,836
653,718
671,1671
711,837
671,1637
717,1717
727,1057
668,1668
671,1642
678,1678
731,1379
661,878
720,1125
699,1685
717,1717
663,1162
663,1025
726,1192
692,1188
664,1664
706,861
713,1713
694,1001
695,1053
679,1183
653,1301
661,1341
677,899
669,890
711,1663
690,1690
714,1714
661,714
717,1132
662,800
726,1726
674,1032
719,888
722,1212
718,1643
704,751
728,860
665,967
695,1054
720,909
676,1645
706,1706
730,906
715,1068
702,1093
677,1636
682,923
699,971
725,1127
720,1259
716,881
688,1039
676,1676
670,1027
709,1709
715,1308
729,1189
716,998
706,860
727,1057
657,1487
692,894
713,1713
651,1596
701,923
686,742
654,994
728,1594
650,1308
686,899
678,1544
717,1441
710,1237
712,1712
709,917
710,888
714,955
684,1141
716,1716
682,1186
703,983
708,1064
711,1332
664,1267
693,847
730,1144
707,1026
666,952
719,1719
698,1035
661,1661
667,1663
672,1672
655,1230
659,883
715,1032
700,1442
675,1168
684,1422
680,1680
704,956
726,1619
667,1511
724,941
721,902
698,1218
724,1284
729,907
726,1120
651,1405
667,1667
680,1214
701,1329
652,989
669,838
704,1700
691,1213
675,1507
727,853
666,1548
679,972
711,907
654,1074
697,1357
667,863
710,1099
670,966
708,755
701,1012
650,923
726,768
656,698
661,1267
679,724
655,858
700,826
674,1106
675,1066
663,1663
699,915
679,1679
671,1189
690,1690
725,862
682,949
685,1067
699,763
706,891
705,1044
710,1009
692,1190
715,1025
699,868
677,879
664,826
685,1685
672,1075
701,1271
687,822
674,1085
668,739
657,997
723,984
693,1387
714,1392
684,1684
731,1261
658,871
678,1419
716,1575
703,1029
728,942
678,894
677,952
665,832
685,1076
723,1290
691,847
723,793
671,1061
668,905
695,992
685,888
673,1673
691,1385
725,1495
717,1270
672,834
700,1335
664,722
711,1557
662,1232
707,1316
697,1004
653,1584
718,1311
655,1655
658,941
725,752
653,866
706,724
687,1687
700,1377
717,911
667,871
709,1709
680,910
676,1112
683,1683
685,875
695,1234
724,1206
693,894
690,922
679,710
729,1552
712,869
660,909
673,884
706,848
674,805
721,1096
713,1713
716,721
715,1090
665,1419
650,846
696,950
651,702
673,723
713,897
696,973
700,960
715,775
683,1068
697,911
726,1545
679,810
708,1319
709,1709
682,1682
675,785
656,1147
706,1090
703,791
711,897
712,1148
681,1101
683,961
680,691
693,1191
671,1504
667,961
711,1029
656,1231
683,868
664,952
655,960
666,1015
711,855
681,936
694,1248
718,1043
659,1406
706,1684
659,752
663,837
678,1001
718,1552
707,1631
681,1681
705,874
726,926
658,1115
650,795
653,903
669,1644
664,824
675,1107
706,1186
703,947
685,1269
664,742
688,1316
711,832
695,1220
671,1314
725,1122
688,807
711,1262
714,859
667,910
676,829
658,1656
657,1257
668,742
694,1658
690,1690
718,1233
729,1705
651,920
714,881
689,1689
686,1527
660,1162
670,1145
718,1718
709,759
670,1209
702,877
676,1195
696,1626
687,1661
700,886
662,1171
720,997
714,1407
650,966
702,1024
656,1254
691,1284
667,1658
716,759
709,1341
729,1146
719,969
679,1279
716,876
696,759
691,1254
694,842
665,1265
703,738
660,1124
725,1206
721,804
688,1249
719,1184
700,1363
677,1022
693,1131
661,836
725,1009
713,811
678,992
721,848
674,964
710,823
671,1041
674,1138
664,817
689,1089
719,1441
708,1273
658,1122
712,1481
683,792
724,892
676,721
684,1684
675,1017
703,1498
707,749
711,1229
681,851
652,1652
672,857
665,905
712,777
670,1068
722,1022
729,1729
673,873
662,1219
720,1243
658,669
708,799
658,1526
695,999
700,849
722,1422
728,968
682,730
720,1543
660,833
731,1159
661,1258
653,1653
702,955
705,873
723,1085
655,703
714,1714
683,1540
698,1155
652,979
707,918
691,1147
687,773
692,1692
683,783
656,1556
675,959
660,783
701,1239
686,749
706,876
726,1726
730,1242
707,1081
727,973
709,905
704,949
669,1669
726,838
690,1690
680,1680
659,1322
692,1692
722,1085
669,1480
700,1340
671,1671
650,787
656,844
708,1101
729,868
725,1150
684,792
690,766
707,881
666,852
658,1152
666,1001
713,1121
694,1428
673,860
692,857
720,1242
702,1122
699,1518
693,947
691,1433
688,1456
727,820
680,798
657,1152
706,1033
720,992
661,955
689,1338
671,1160
685,1685
651,677
719,1636
721,1483
660,1348
679,952
722,833
706,906
716,1360
657,1064
714,797
658,1216
663,1663
668,1105
669,733
703,1025
653,877
709,1126
698,1694
674,1040
687,1687
677,851
680,1461
667,1084
673,1673
710,1470
704,1019
731,1363
657,1019
718,1367
688,1688
664,1664
713,1360
676,1457
663,797
678,1144
726,1052
720,1720
703,1569
686,748
662,694
692,1187
726,1628
718,963
687,1645
702,808
668,1337
721,870
662,861
677,1500
650,1210
682,1189
668,1668
674,1500
664,1664
697,1537
664,1664
670,1670
656,1085
673,974
711,987
685,1063
721,1339
725,1725
681,1681
701,785
719,1530
672,1054
688,829
660,848
716,1716
689,701
731,1731
727,917
719,1719
691,1425
681,926
725,937
715,1160
666,1666
688,755
721,1301
692,1227
724,1483
726,938
729,1152
650,1647
669,823
725,1460
711,1570
722,1288
672,907
671,906
668,1457
710,1076
650,1650
708,1438
724,1351
701,1370
665,1094
685,767
680,881
652,718
714,979
690,1210
656,1125
682,1374
659,799
685,1282
696,733
704,825
676,998
724,819
721,899
711,1381
699,1036
725,1725
716,881
697,1203
696,1060
722,1415
717,938
703,757
681,1391
711,813
650,695
686,1147
680,1680
707,742
699,1095
681,1066
729,1729
684,909
677,1677
666,775
719,955
699,1699
675,1123
664,784
688,1688
727,1042
651,1347
663,886
686,1686
667,712
666,1510
676,806
707,1639
686,959
678,767
722,1003
689,792
707,1045
715,1536
656,1656
654,987
722,1676
700,910
725,1042
668,695
725,1346
717,997
708,1054
709,737
696,1118
706,769
663,960
693,1315
692,1532
682,999
724,1724
690,1690
728,970
686,854
659,827
727,832
650,1023
676,1256
687,783
684,1684
701,1397
673,872
694,1324
657,734
718,816
666,1666
706,1134
658,1023
712,927
718,950
688,1399
691,1691
677,1206
710,987
696,1211
723,1633
679,1679
701,1701
669,902
665,845
651,1566
678,1097
705,1705
661,1053
698,1698
717,1717
698,1114
693,1141
725,970
674,1135
723,1491
709,981
727,1183
659,1585
669,1669
682,1211
702,1362
653,1653
665,1397
718,1031
654,1654
671,1671
702,946
677,962
694,1293
703,787
690,770
722,775
673,1326
672,789
660,915
673,1544
701,810
698,1243
650,967
705,1705
697,1289
691,898
696,1696
704,906
727,756
664,923
665,893
717,1476
687,1069
695,865
650,1399
663,928
663,1663
669,1556
720,1720
662,1020
676,836
692,862
691,1238
653,1653
693,1693
661,1007
678,907
700,1039
698,795
668,920
692,1024
689,1689
688,1008
724,865
726,1726
683,798
697,864
692,763
697,1697
658,1658
724,1724
716,776
655,1388
719,1069
720,1431
695,1321
714,1183
702,760
728,1618
701,1442
679,858
725,1037
689,944
662,1138
679,1679
656,843
686,772
656,1212
700,1286
651,977
713,1505
677,1279
711,779
690,1345
687,763
690,1115
680,870
678,1005
660,1660
703,875
671,1282
660,946
694,817
723,810
678,1336
660,897
701,1701
661,734
659,913
655,1214
695,879
664,1022
705,1383
669,1669
659,1172
697,771
668,767
665,1101
664,798
702,1534
667,830
700,877
686,1423
728,1384
654,914
696,891
675,781
725,1679
718,1316
692,798
677,878
688,979
651,1117
682,851
689,1053
728,915
721,1401
687,1687
659,1127
659,1148
700,1605
669,909
666,1026
682,1086
684,1172
655,1655
723,1723
692,1622
715,1186
694,1524
716,1511
717,1717
676,932
664,1272
654,1064
656,1556
704,809
724,929
657,1645
690,1690
695,1695
688,990
668,1268
717,1078
661,898
650,799
709,1058
678,1166
682,1630
716,1308
673,1673
721,1125
715,1065
670,832
679,1049
666,1592
721,1721
660,920
667,1667
725,1217
706,1181
729,1729
700,1306
681,1050
672,791
722,913
683,1262
689,893
725,1725
675,1675
658,1134
720,981
726,790
706,1706
651,852
682,1263
670,1054
719,1497
682,862
657,1254
656,1656
653,1653
723,868
651,1651
666,1666
716,1621
713,1713
713,1443
661,861
680,834
714,938
729,1264
677,697
678,1462
671,960
701,1570
697,1092
662,1662
729,1268
702,952
669,809
706,949
713,990
703,1585
681,874
696,1005
676,804
678,753
661,765
683,1046
723,811
668,1106
712,1115
698,1424
662,1089
652,1130
665,711
654,849
677,1240
706,797
707,1204
670,1113
691,1214
702,853
657,1348
655,1524
697,1697
681,922
659,1206
684,766
699,959
662,1187
704,1704
717,1000
726,854
666,1498
667,1199
685,820
657,752
688,1688
695,968
653,711
696,1272
714,953
716,1071
711,985
670,1670
662,914
675,1014
727,1727
704,1704
669,1114
719,1402
702,933
697,1309
657,1485
675,809
703,1663
726,1283
706,1706
721,1705
702,1108
695,1456
704,988
665,1665
661,903
658,1039
658,1103
713,1138
652,748
650,943
687,1164
690,1108
649,850
680,1680
655,838
653,1616
692,1307
653,1653
669,789
719,1454
685,1496
654,1654
677,1118
665,956
654,779
651,1166
670,1159
667,784
673,875
684,1283
694,1694
668,967
709,1540
718,771
654,817
702,1344
656,751
730,967
680,1462
689,1601
674,1674
660,1285
724,980
688,1412
664,1545
656,1656
663,1030
711,1076
674,1074
725,1725
680,1269
652,931
667,707
710,1082
705,1600
652,1092
721,1284
703,1703
667,1027
668,1291
681,1271
721,1046
690,1472
671,1671
697,1087
691,1176
688,1688
677,728
684,916
676,1676
654,1049
653,1089
714,797
661,838
688,1560
687,1687
696,1097
676,1188
701,1701
661,805
706,1706
655,991
672,1337
707,1218
687,791
692,1692
708,1191
728,932
700,1317
725,1365
699,1245
679,1142
681,1681
665,1665
656,1415
689,737
661,1003
673,983
716,1716
681,884
694,811
702,1702
684,897
682,838
693,1116
714,815
699,1640
690,1445
673,1673
720,1386
661,1661
678,899
701,799
670,765
665,1175
677,1250
657,928
681,835
663,1279
704,1528
671,958
723,1458
665,978
675,1675
701,1258
693,1001
651,793
696,779
662,802
699,1088
720,1346
703,1009
677,1614
705,1705
703,826
711,910
706,1706
667,722
667,1667
727,1248
703,1283
658,1034
667,817
725,1515
674,838
662,1377
725,982
688,1688
688,1688
696,1173
696,1696
664,1260
727,916
673,1537
693,1628
662,1662
709,1709
658,709
681,702
714,1037
695,918
672,1672
702,1515
683,885
696,1696
660,954
663,1226
713,974
687,866
675,1670
722,1722
726,1427
663,1617
693,1283
711,943
665,1292
692,1214
721,1721
728,1046
679,1001
672,893
696,1015
687,1510
665,1256
699,1397
659,1425
701,958
727,1633
700,1202
675,1516
694,1694
695,1079
713,1143
655,946
654,741
697,942
698,1129
671,1144
725,1725
689,942
654,892
723,1723
709,1148
711,1172
727,1668
729,1235
723,930
694,1054
715,1154
720,841
690,1690
698,863
680,1318
671,888
688,872
688,706
709,1139
679,1582
721,1089
710,781
673,1080
665,1626
704,1704
678,1606
661,1453
664,905
723,1049
664,1397
680,1680
696,831
693,1693
724,1724
675,1180
703,1080
704,1037
670,1292
691,1161
711,973
677,1015
658,875
714,1227
726,1726
675,1016
717,1717
651,837
727,975
669,1669
678,1234
661,784
651,1544
661,927
699,1448
717,1308
728,888
657,1059
667,1483
682,1423
674,865
699,1130
675,1394
657,1061
723,829
717,1602
687,1687
655,940
711,922
709,1458
722,1722
695,1325
693,1353
718,1061
711,892
719,819
710,898
711,1031
720,1119
699,1266
652,1223
656,1374
663,1663
657,726
724,1541
716,984
656,1481
707,1071
706,1064
685,1685
720,1144
716,1071
659,1433
717,1717
663,1033
727,965
686,1203
721,1187
691,1691
686,1075
708,1708
672,948
706,1205
721,1219
707,1707
716,963
669,1082
650,1522
701,1221
714,1485
705,1156
712,1017
722,1722
669,1605
702,1551
687,974
663,1113
666,1347
727,1213
650,1085
658,981
717,881
730,1059
677,789
671,773
682,1612
672,829
658,1470
718,1315
704,1454
683,1120
726,1726
715,1025
729,928
672,1095
676,1161
727,945
682,1589
687,874
704,997
679,1679
706,1559
668,776
687,1143
710,1592
717,853
682,1133
686,852
683,1603
699,1472
678,780
726,965
705,1705
690,1473
665,1368
689,947
654,1046
702,1702
659,968
671,1275
707,983
654,1654
670,1000
681,1300
718,1073
668,1036
679,1365
664,774
665,1036
677,1002
679,736
696,958
676,734
679,1679
688,1168
655,813
650,913
650,1059
677,1677
653,984
652,723
705,1085
695,1695
718,908
684,1107
651,1651
650,1137
689,1689
726,1563
660,1660
668,967
696,1064
688,922
677,869
665,1516
657,730
690,1049
666,1292
719,961
727,1126
657,1657
659,959
661,1111
692,1692
676,1676
697,1170
654,906
656,764
689,1174
709,1134
709,1709
702,1020
698,936
721,1091
723,914
700,994
704,1437
705,1705
729,1033
724,1453
687,1415
720,1167
706,913
704,1137
703,1544
700,1148
702,1702
667,1667
682,1353
674,1191
721,1388
709,816
723,798
655,1265
724,1207
659,810
690,795
688,1320
665,1164
856,1856
913,1024
945,1546
951,1286
872,1257
763,1046
803,1080
866,881
741,1408
856,1465
863,1393
944,1072
989,1224
961,1316
871,1211
787,1787
936,1806
772,1636
983,1486
951,1016
995,1498
777,1777
835,1411
739,973
804,1266
906,1811
963,1511
901,1097
838,1174
787,1787
882,1882
836,1588
944,1164
739,1001
813,996
847,1474
980,1581
886,927
850,1288
831,961
761,1002
770,1770
892,1372
953,1138
895,1384
776,1535
888,1888
975,1200
991,1991
891,1051
992,1301
839,1276
890,1890
857,1168
772,865
907,1370
779,1326
966,1685
995,1350
862,956
786,865
959,1459
792,1792
737,1096
982,1054
805,965
866,1767
908,1191
862,1012
790,881
913,1359
867,1283
762,920
890,1890
738,1392
836,1328
969,1045
803,891
831,1812
851,1087
997,1681
897,1445
964,1964
895,1173
914,1914
951,1433
806,1806
961,1002
825,1825
732,1373
937,1552
953,1206
791,885
851,997
857,1296
849,889
862,1594
903,1301
917,1214
789,818
918,1484
930,1002
981,1204
744,1313
887,1887
786,994
900,1323
801,1384
916,1187
807,1042
792,1031
739,1739
832,1073
817,914
805,1388
869,1067
748,1338
738,1118
972,1686
782,886
987,1908
732,1732
837,1080
863,1863
763,1552
882,1144
892,1269
878,970
857,1144
985,1527
937,1279
953,1128
779,1199
800,1579
968,1162
979,1329
876,1189
952,1373
797,1449
840,1189
761,884
997,1476
989,1537
753,934
982,1982
778,1013
979,1119
806,1353
853,1501
975,1202
969,1969
987,1179
900,1093
774,1581
732,888
993,1634
844,1844
986,1023
970,1117
851,1433
732,1539
864,1389
804,906
868,1265
765,1765
911,974
990,1253
839,1176
736,1473
988,1821
755,811
862,1533
847,1845
944,1854
848,1356
765,1645
982,1024
749,884
790,1661
949,1257
922,1922
943,1171
943,1943
873,1596
994,1604
870,1216
815,1471
973,1398
991,1538
848,1105
989,1835
934,1150
858,1481
848,907
934,1227
833,1089
924,1050
942,1766
781,937
897,1010
791,1343
835,1835
849,1021
895,1084
769,1270
805,1222
892,1346
737,929
978,1466
898,1482
762,915
928,1928
845,1011
915,1248
952,1169
815,1101
765,876
741,1092
986,1083
747,939
768,1034
844,1219
932,1337
804,940
993,1260
855,1264
995,1995
992,1386
976,1570
825,1202
742,1646
847,1026
910,1210
761,1002
977,1244
967,1220
843,1240
761,1072
793,1217
825,1697
833,1833
939,1593
909,1053
995,1995
943,1702
758,951
795,1122
741,937
927,1886
790,869
990,1154
821,882
771,1323
966,1356
980,1075
759,1140
869,1057
979,1336
967,1967
784,1705
952,1252
755,878
796,931
802,982
953,1132
788,1114
886,1048
856,981
733,853
918,1830
822,1180
871,1556
975,1849
826,1491
856,992
916,1294
750,1276
767,1017
805,1202
804,1804
939,1100
835,1835
741,1364
947,1407
811,1439
734,1321
806,979
817,1145
888,934
870,1467
973,1077
780,832
881,1541
881,1881
844,1394
860,992
755,1054
919,1027
999,1094
897,1076
774,861
876,1091
898,1190
954,1263
941,1093
867,1107
889,1170
815,986
782,1297
899,1556
856,944
754,1274
926,1926
742,1262
866,1448
822,1159
804,1804
738,1441
803,950
772,1012
939,1417
900,1115
968,1629
793,1276
777,962
761,1004
814,1538
797,954
766,817
752,1752
776,1111
912,1912
994,1803
839,1839
860,1860
852,1279
765,1765
794,1126
987,1354
985,1356
797,885
771,1427
986,1354
879,1354
798,1557
772,1454
743,1468
981,1981
751,905
930,1032
811,1082
817,1096
962,1596
732,1732
811,1416
920,1653
746,1746
985,1911
973,1403
796,1024
914,1586
964,1964
960,1113
845,1156
792,1773
995,1172
929,1234
878,1039
750,893
734,1044
972,1972
997,1890
975,1306
859,1062
846,998
922,1242
959,1477
978,1667
790,1503
778,1701
808,1341
926,1649
853,1628
872,1127
764,1242
967,1150
939,1939
834,967
912,1027
789,1721
874,1457
748,1212
833,1825
781,1781
852,1455
800,1021
842,1161
898,1387
929,1482
758,1021
774,972
905,1263
805,904
730,1730
855,1081
997,1689
947,1947
867,996
975,1132
989,1801
772,908
950,1111
962,1962
777,1058
825,1019
781,1124
798,925
815,1555
813,1233
809,1809
977,1253
743,1254
862,897
936,979
747,989
835,1279
967,1175
945,1250
809,1249
957,1698
916,1433
933,1933
881,1181
992,1318
887,1451
814,915
916,1552
976,1396
840,1840
745,1745
967,1762
849,1064
958,1250
741,1101
763,1763
819,968
883,1041
927,1502
815,1245
840,877
839,1140
958,1642
958,1483
952,1225
963,1592
863,1113
871,1157
809,1010
997,1374
795,874
947,1402
992,1992
731,1068
760,1027
772,1730
763,1763
944,972
833,1277
795,1171
847,1521
749,1160
960,1233
838,1037
815,1116
860,1658
758,950
731,1731
755,1680
901,1146
969,1473
968,1870
957,1057
859,1476
860,1361
868,1113
940,1502
848,1196
985,1857
989,1161
933,1306
760,1760
967,1967
946,1177
916,1051
845,1495
965,1965
897,1088
924,1013
799,1799
